product_name,category_shelf,match_key
( SPRAY)SALINE NASAL SPRAY UK 10ML,OTC,( spray)saline nasal spray uk 10ml
1 WEEK PILL ORGANIZER (BOX),OTC,1 week pill organizer (box)
1ST AID PREGNANCY TEST MID STREAM 2,Other / uncategorised,1st aid pregnancy test mid stream 2
21ST CENTURY CRANBERRY,Other / uncategorised,21st century cranberry
3 FER SYRUP 200ML,OTC,3 fer syrup 200ml
3-1 CHOLESTEROL RAPID TEST,Other / uncategorised,3-1 cholesterol rapid test
3CP 100ML,OTC,3cp 100ml
3CP 200ML,OTC,3cp 200ml
3P GARLIC MIXTURE,OTC,3p garlic mixture
8 HOUR FEVER COLD MIXTURE 200ML,OTC,8 hour fever cold mixture 200ml
A & E COHESIVE SUPPORT BANDAGE (7.5X4.5),OTC,a & e cohesive support bandage (7.5x4.5)
A & E PLASTER CLEAR WASHPROOF 100'S,Other / uncategorised,a & e plaster clear washproof 100's
A/N COLLAGEN POWDER 165G,OTC,a/n collagen powder 165g
AASH LINKS HANDS SANITIZER 250ML,OTC,aash links hands sanitizer 250ml
ABIDEC DROP 25ML,OTC,abidec drop 25ml
ABIDEC OMEGA 3 SYRUP 150ML,Pharmacy medicine,abidec omega 3 syrup 150ml
ABONIKI BALM,OTC,aboniki balm
ABSOLUTE WHITE T/BRUSH,Other / uncategorised,absolute white t/brush
ABSORBENT COTTON WOOL 100G,Other / uncategorised,absorbent cotton wool 100g
ABSORBENT COTTON WOOL 200G,OTC,absorbent cotton wool 200g
ABSORBENT COTTON WOOL 25G,Other / uncategorised,absorbent cotton wool 25g
ABSORBENT COTTON WOOL 500G,Other / uncategorised,absorbent cotton wool 500g
ABSORBENT COTTON WOOL 50G,OTC,absorbent cotton wool 50g
ACCU CHEK RAPID TEST STRIP,Other / uncategorised,accu chek rapid test strip
ACCURATE PREG TEST,Other / uncategorised,accurate preg test
ACECLOFENAC 100MG 60'S UK,OTC,aceclofenac 100mg 60's uk
ACECLOFENAC(SENAFEN) 100MG TABS 100'S,OTC,aceclofenac(senafen) 100mg tabs 100's
ACETAZOLAMIDE 250MG TABS 112'S UK,Prescription medicine,acetazolamide 250mg tabs 112's uk
ACICLOVIR 200MG 28'S VEGA,Pharmacy medicine,aciclovir 200mg 28's vega
ACICLOVIR 200MG TAB 56'S,OTC,aciclovir 200mg tab 56's
ACICLOVIR 200MG TABS 25'S,OTC,aciclovir 200mg tabs 25's
ACICLOVIR 200MG/5ML ORAL SUSP,Other / uncategorised,aciclovir 200mg/5ml oral susp
ACICLOVIR 400MG TAB UK,Prescription medicine,aciclovir 400mg tab uk
ACICLOVIR 800MG TABS 35'S,Prescription medicine,aciclovir 800mg tabs 35's
ACICLOVIR DENK 200MG TABS 28'S,Pharmacy medicine,aciclovir denk 200mg tabs 28's
ACICLOVIR EYE OINTMENT 5G,OTC,aciclovir eye ointment 5g
ACIDOM (OMEPRAZOLE) 40MG INJ,OTC,acidom (omeprazole) 40mg inj
ACIDOM CAPS 20'S,OTC,acidom caps 20's
ACNE BAR SOAP 80G,OTC,acne bar soap 80g
ACNECIDE 5% GEL 30G,Other / uncategorised,acnecide 5% gel 30g
ACNECIDE 5% W/W GEL 100G,OTC,acnecide 5% w/w gel 100g
ACNECIDE GEL 60G,Prescription medicine,acnecide gel 60g
ACTIFED LINCTUS DRY COUGH MULTI ACTION 100ML,OTC,actifed linctus dry cough multi action 100ml
ACTIFED MULTI -ACTION TABS 12'S UK,Prescription medicine,actifed multi -action tabs 12's uk
ACTIFIZZ VIT C EFF TABS 20'S,"Food, drinks & essentials",actifizz vit c eff tabs 20's
ACTIVATED CHARCOL TAB 100',OTC,activated charcol tab 100'
"ACTRAPID 100IU, ML/ML NOVO SOLUBLE INSULIN",Pharmacy medicine,"actrapid 100iu, ml/ml novo soluble insulin"
ACYCLOVIR DENK CREAM 5% 7G,OTC,acyclovir denk cream 5% 7g
ADAMS SECRET CAPS SINGLE,Other / uncategorised,adams secret caps single
ADAMS SECRETS EXTRA STRENGHT CAPS 10'S,Pharmacy medicine,adams secrets extra strenght caps 10's
ADAPALENE BENZOL PEROXIDE SOAP,Pharmacy medicine,adapalene benzol peroxide soap
ADDYZOA TABS 20'S,OTC,addyzoa tabs 20's
ADIDAS APA WOMEN 200ML,Other / uncategorised,adidas apa women 200ml
ADOM KOO CAPS,OTC,adom koo caps
ADOM KOO SYRUP 330ML,OTC,adom koo syrup 330ml
ADULT DIAPERS ALL TYPES 10'S,Other / uncategorised,adult diapers all types 10's
ADUTWUMWAA BITTERS,OTC,adutwumwaa bitters
ADVANCE CLINICALS SERUM 52ML,Other / uncategorised,advance clinicals serum 52ml
ADVANTAN 0.1% (METHYLPREDNISOLON ASEPONAT) CREAM 30G,OTC,advantan 0.1% (methylprednisolon aseponat) cream 30g
ADVIL 125MG TYLENOL 250MG DUAL ACTION 50S POUCH,OTC,advil 125mg tylenol 250mg dual action 50s pouch
ADVIL 24'S TABS,Other / uncategorised,advil 24's tabs
ADVIL CAPLET 50'S,OTC,advil caplet 50's
ADVIL DUAL ACTION 250MG 72'S,Other / uncategorised,advil dual action 250mg 72's
ADVIL LIQUI GEL 120'S,OTC,advil liqui gel 120's
ADVIL LIQUI-GEL 6'S,OTC,advil liqui-gel 6's
ADVIL LIQUI-GEL US 20',OTC,advil liqui-gel us 20'
ADVIL PM 20'S,OTC,advil pm 20's
ADVIL PM CAPLET 50' POUCH,OTC,advil pm caplet 50' pouch
ADVIL TAB 50'S SMALL CONTAINER,OTC,advil tab 50's small container
AERIUS 5MG TABS 15'S,Pharmacy medicine,aerius 5mg tabs 15's
AFRICA CHEMIST OLIVE OIL EAR DROP 10ML,Cosmetics,africa chemist olive oil ear drop 10ml
AGBEVE TONIC 330ML,OTC,agbeve tonic 330ml
ALBENDAZOLE (ZENTEL SUSP) 20ML,OTC,albendazole (zentel susp) 20ml
ALBENDAZOLE (ZENTEL) TAB 200MG,OTC,albendazole (zentel) tab 200mg
ALCAN TAB 10MG (DAPAGLIFLOZIN 10MG),Other / uncategorised,alcan tab 10mg (dapagliflozin 10mg)
ALDACTONE TABS 25MG 100'S,Pharmacy medicine,aldactone tabs 25mg 100's
ALDACTONE TABS 25MG 20'S,Pharmacy medicine,aldactone tabs 25mg 20's
ALDOMET 250MG TABS 100 S,Prescription medicine,aldomet 250mg tabs 100 s
ALDOMET 250MG TABS 30'S,Other / uncategorised,aldomet 250mg tabs 30's
ALDOMET TAB 50OMG 30'S (METHYLDOPA),OTC,aldomet tab 50omg 30's (methyldopa)
ALENDRONIC ACID 70MG TABS,OTC,alendronic acid 70mg tabs
ALKA 5 SYRUP 100ML,Prescription medicine,alka 5 syrup 100ml
ALKA SELTZER 10'S EFFERVESCENCE,OTC,alka seltzer 10's effervescence
ALKA SELTZER XS TAB 24'S,OTC,alka seltzer xs tab 24's
ALLEREX EYE EYE DROPS 10ML,Other / uncategorised,allerex eye eye drops 10ml
ALLEVIA (FEXOFENADINE) 120MG 30S,Other / uncategorised,allevia (fexofenadine) 120mg 30s
ALLEVIA (FEXOFENIDINE) 120MG TAB 15S,OTC,allevia (fexofenidine) 120mg tab 15s
ALLOPURINOL 100MG 100'S ZYLORIC,Pharmacy medicine,allopurinol 100mg 100's zyloric
ALLOPURINOL 100MG TABS 28'S UK,OTC,allopurinol 100mg tabs 28's uk
ALLOPURINOL 300MG TABS 28'S,OTC,allopurinol 300mg tabs 28's
ALLOPURINOL(ZYLORIC)300MG 28'S,Other / uncategorised,allopurinol(zyloric)300mg 28's
ALOE VERA CREAM 454G,Other / uncategorised,aloe vera cream 454g
ALPECIN CAFFEINE SHAMPOO 250ML,Other / uncategorised,alpecin caffeine shampoo 250ml
ALPEN RAISIN & ALMOND GRANULA 1G,"Food, drinks & essentials",alpen raisin & almond granula 1g
ALPHA GARLIC CAPS 60'S,OTC,alpha garlic caps 60's
ALPHAGAN PURITE EYE DROPS,OTC,alphagan purite eye drops
ALUMINIUM HYDROXIDE 500MG TABS 500'S (M&G),OTC,aluminium hydroxide 500mg tabs 500's (m&g)
ALWAYS CLASSIC MAXI WITH WINGS SIZE 1 20'S,Other / uncategorised,always classic maxi with wings size 1 20's
ALWAYS CLASSIC NIGHT 8'S,Other / uncategorised,always classic night 8's
ALWAYS CLASSIC NORMAL 9'S,Pharmacy medicine,always classic normal 9's
ALWAYS DAILIES LINER NORMAL 54',Other / uncategorised,always dailies liner normal 54'
ALWAYS DAILIES LINERS LONG 46'S,Other / uncategorised,always dailies liners long 46's
ALWAYS DAILLIES FOLD & WRAP SCENTED 20'S,Other / uncategorised,always daillies fold & wrap scented 20's
ALWAYS DAILY FRESH NORM 54'S,OTC,always daily fresh norm 54's
ALWAYS DAILY SCENTED FRESH 20'S,OTC,always daily scented fresh 20's
ALWAYS DISCREET LONG ABS 4 10'S,Other / uncategorised,always discreet long abs 4 10's
ALWAYS DISCREET PADS LONG 10'S,Other / uncategorised,always discreet pads long 10's
ALWAYS DISCREET PADS NORMAL 12'S,OTC,always discreet pads normal 12's
ALWAYS INFINITY 12S,OTC,always infinity 12s
ALWAYS ULTRA LONG PLUS 11'S,Other / uncategorised,always ultra long plus 11's
ALWAYS ULTRA NIGHT 9'S PAD,Other / uncategorised,always ultra night 9's pad
ALWAYS ULTRA NORMAL PLUS 13'S,Other / uncategorised,always ultra normal plus 13's
AMANTADINE SULPHATE 100MG,Prescription medicine,amantadine sulphate 100mg
AMEDIN (AMLODIPINE) 10MG TAB 28'S,Prescription medicine,amedin (amlodipine) 10mg tab 28's
AMICLOX 250 AMPICILLIN 125MG 100ML,Other / uncategorised,amiclox 250 ampicillin 125mg 100ml
AMIKACIN SULPHATE 500MG INJ,OTC,amikacin sulphate 500mg inj
AMINO PEP FORTE SYRUP 200ML,OTC,amino pep forte syrup 200ml
AMIODARONE 100MG,OTC,amiodarone 100mg
AMIODARONE 200MG TAB,OTC,amiodarone 200mg tab
AMITRIPTYLINE 10MG TAB 28'S ACCORD,Other / uncategorised,amitriptyline 10mg tab 28's accord
AMITRIPTYLINE 10MG TAB 28'S TEVA,Prescription medicine,amitriptyline 10mg tab 28's teva
AMITRIPTYLINE 25MG 28' TABS UK,Pharmacy medicine,amitriptyline 25mg 28' tabs uk
AMITRIPTYLINE 25MG TAB 28'S ACCORD,Other / uncategorised,amitriptyline 25mg tab 28's accord
AMITRIPTYLINE 25MG TABS 100'S VEGA,OTC,amitriptyline 25mg tabs 100's vega
AMITRIPTYLINE 50MG TAB 28',Prescription medicine,amitriptyline 50mg tab 28'
AMITRIPTYLINE SOLUTION 50MG/5ML 150ML,Prescription medicine,amitriptyline solution 50mg/5ml 150ml
AMLO DENK 10MG,Prescription medicine,amlo denk 10mg
AMLO DENK 5MG,Prescription medicine,amlo denk 5mg
AMLODIPINE 2.5MG 28'S TABS,Other / uncategorised,amlodipine 2.5mg 28's tabs
AMLODIPINE 5MG TABS SANDOZ,OTC,amlodipine 5mg tabs sandoz
AMLODIPINE 5MG VEGA 28'S,Prescription medicine,amlodipine 5mg vega 28's
AMLODIPINE TABS 10MG 28'S TEVA,Pharmacy medicine,amlodipine tabs 10mg 28's teva
AMLODIPINE TABS 5MG 28'S TEVA,Pharmacy medicine,amlodipine tabs 5mg 28's teva
AMLODIPINE(TENOX) 5MG TABS 30'S,Prescription medicine,amlodipine(tenox) 5mg tabs 30's
AMMOVULIN CO-AMOXICLAV 1.2G INJ (TOBINCO),Prescription medicine,ammovulin co-amoxiclav 1.2g inj (tobinco)
AMOKSICLAV SUSP 228/5ML 70ML,Prescription medicine,amoksiclav susp 228/5ml 70ml
AMOKSICLAV SUSP 457MG/5ML 70ML LEK,OTC,amoksiclav susp 457mg/5ml 70ml lek
AMOKSIKLAV TAB 1G 10'S,Prescription medicine,amoksiklav tab 1g 10's
AMOKSIKLAV TAB 625MG LEK 14'S,Prescription medicine,amoksiklav tab 625mg lek 14's
AMOVULIN 1.2 INJ,Other / uncategorised,amovulin 1.2 inj
AMOXICILLIN 1000MG + POTASSIUM CLAVULANATE 200MG CO-AMOXCICLAV INJ 20ML 10'S VEGA UK,Pharmacy medicine,amoxicillin 1000mg + potassium clavulanate 200mg co-amoxciclav inj 20ml 10's vega uk
AMOXICILLIN 500MG CAPS UK,Prescription medicine,amoxicillin 500mg caps uk
AMOXICILLIN CAPS 500MG VEGA 21',Prescription medicine,amoxicillin caps 500mg vega 21'
AMOXICILLIN SUSP 100ML CRESCENT,Other / uncategorised,amoxicillin susp 100ml crescent
AMOXICILLIN SUSP 125/5ML VEGA,Pharmacy medicine,amoxicillin susp 125/5ml vega
AMOXICILLIN SUSP 250/5ML UK,OTC,amoxicillin susp 250/5ml uk
AMOXICILLIN SUSP EXETER 100ML,Other / uncategorised,amoxicillin susp exeter 100ml
AMOXICILLIN SUSP SUGAR FREE 100ML MEDREICH,OTC,amoxicillin susp sugar free 100ml medreich
AMOXICILLIN SUSP. 250MG/5ML 100ML VEGA,Other / uncategorised,amoxicillin susp. 250mg/5ml 100ml vega
AMOXICLAV IV 600MG TROGE,Prescription medicine,amoxiclav iv 600mg troge
ANADIN EXTRA TABS 8'S,Pharmacy medicine,anadin extra tabs 8's
ANAFRANIL 25MG CHLOMIPRAMINE HCL TAB 30'S,Pharmacy medicine,anafranil 25mg chlomipramine hcl tab 30's
ANASTRAZOLE DENK 1MG 28',Prescription medicine,anastrazole denk 1mg 28'
ANDREWS LIVERSALT ORIGINAL 50',Pharmacy medicine,andrews liversalt original 50'
ANGEL CREAM 40G,OTC,angel cream 40g
ANGINOVAG SPRAY 10ML,OTC,anginovag spray 10ml
ANKLE SUPPORT,Pharmacy medicine,ankle support
ANOVIA BOBY MIST 210ML,Other / uncategorised,anovia boby mist 210ml
ANOVIA MAGNESIUM MUSCLE & JOINT SPRAY,Pharmacy medicine,anovia magnesium muscle & joint spray
ANOVIA MAGNESIUM OIL RELAXATION,Other / uncategorised,anovia magnesium oil relaxation
ANOVIA MAGNESIUM SLEEP SPRAY,Other / uncategorised,anovia magnesium sleep spray
ANOVIA MICELLAR CLEANSING WATER,OTC,anovia micellar cleansing water
ANTACID CALCIUM CARBONATE 500MG TAB 55',OTC,antacid calcium carbonate 500mg tab 55'
ANTACID MIXTURE 200ML (ECL),Pharmacy medicine,antacid mixture 200ml (ecl)
ANTI SNAKE VENOM,Prescription medicine,anti snake venom
ANTI-D (RHO) IMMUNOGLOBULIN MONOCLONAL,Prescription medicine,anti-d (rho) immunoglobulin monoclonal
ANTI-RABIES VACCINE HUMAN I.P,Prescription medicine,anti-rabies vaccine human i.p
ANUSOL CREAM 25G,Other / uncategorised,anusol cream 25g
ANUSOL OINT 25G,OTC,anusol oint 25g
ANUSOL PLUS HC OINTMENT 15G,Other / uncategorised,anusol plus hc ointment 15g
ANUSOL SUPP 12'S,OTC,anusol supp 12's
APETAMIN SYR 200ML,OTC,apetamin syr 200ml
APFLU SYRUP,OTC,apflu syrup
APHROMAX PLUS 30',OTC,aphromax plus 30'
APPLE & EVE FRUIT PUNCH 200ML,"Food, drinks & essentials",apple & eve fruit punch 200ml
APPLE & EVE JUICE BOTTLE 296ML,"Food, drinks & essentials",apple & eve juice bottle 296ml
APPLE CIDER CAPLET 30'S,Other / uncategorised,apple cider caplet 30's
APROVASC 150/10MG,Prescription medicine,aprovasc 150/10mg
APROVEL 150MG TABS 28'S,Prescription medicine,aprovel 150mg tabs 28's
APROVEL 300MG TAB,Prescription medicine,aprovel 300mg tab
APTAMIL STAGE 1 800G,"Food, drinks & essentials",aptamil stage 1 800g
APTAMIL STAGE 2 800G,"Food, drinks & essentials",aptamil stage 2 800g
APTAMIL STAGE 3 800G,"Food, drinks & essentials",aptamil stage 3 800g
APTAMIL STAGE 4 800G,Other / uncategorised,aptamil stage 4 800g
APTIZOOM SYR 200ML,OTC,aptizoom syr 200ml
AQUAFRESH MILK TEETH T/P (0-2YRS),Baby & infant,aquafresh milk teeth t/p (0-2yrs)
AQUAFRESH T/P TRIPLE PROTECTION 100ML,Other / uncategorised,aquafresh t/p triple protection 100ml
AQUAFRESH T/PASTE ACTIVE WHITE 100ML,OTC,aquafresh t/paste active white 100ml
AQUAFRESH TOOTHPASTE BIG TEETH 6-8YRS,Other / uncategorised,aquafresh toothpaste big teeth 6-8yrs
AQUAFRESH TOOTHPASTE L/TEETH 3-5YRS 50ML,Cosmetics,aquafresh toothpaste l/teeth 3-5yrs 50ml
AQUAFRESH TOOTHPASTE SPLASH 3-8YRS,Other / uncategorised,aquafresh toothpaste splash 3-8yrs
AQUEOUS CALAMINE CREAM 100G,OTC,aqueous calamine cream 100g
ARIMIDEX 1MG TAB 28'S,Prescription medicine,arimidex 1mg tab 28's
ARIPIPRAZOLE 5MG TABS,Pharmacy medicine,aripiprazole 5mg tabs
ARIPIPRAZOLE TAB 15MG 28'S,Pharmacy medicine,aripiprazole tab 15mg 28's
ARIZONA DRINK FRUIT PUNCH 591ML,Other / uncategorised,arizona drink fruit punch 591ml
ARM & HAMMER T/PASTE EXTRA WHITE 125ML,Cosmetics,arm & hammer t/paste extra white 125ml
ARM & HAMMER T/PASTE SENSITIVE 125G,OTC,arm & hammer t/paste sensitive 125g
ARM AND HAMMER STICK ULTRAMAX,Other / uncategorised,arm and hammer stick ultramax
ARM SLING,Pharmacy medicine,arm sling
ART BOX CRAYONS 36',Other / uncategorised,art box crayons 36'
ART/LUMEFANTRINE (LUFART DS)80MG/480MG TABS 6'S,OTC,art/lumefantrine (lufart ds)80mg/480mg tabs 6's
ARTEMETHER INJ 80MG,OTC,artemether inj 80mg
ARTESUNATE 30MG INJ,Pharmacy medicine,artesunate 30mg inj
ARTESUNATE INJ 120MG,Other / uncategorised,artesunate inj 120mg
ARTESUNATE INJ 60MG,Other / uncategorised,artesunate inj 60mg
ARTHEMETHER LUMEFSNTRINE (LUMETRUST -FORTE) 80/480MG,Pharmacy medicine,arthemether lumefsntrine (lumetrust -forte) 80/480mg
ARTHROSAMINE PLUS (GLUCOSAMINE CHONDRONTOIN),Pharmacy medicine,arthrosamine plus (glucosamine chondrontoin)
ARTHROTEC TABS 75MG 20'S,OTC,arthrotec tabs 75mg 20's
ASCORYL PLUS (ASCORBIC ACID) 125ML SYRUP,OTC,ascoryl plus (ascorbic acid) 125ml syrup
ASCORYL SYRUP 125ML,OTC,ascoryl syrup 125ml
ASCOVIT CEE (VITAMIN C) TABS 100MG 300S,OTC,ascovit cee (vitamin c) tabs 100mg 300s
ASCOVIT CEE SYRUP,OTC,ascovit cee syrup
ASHTON & PARSONS TEETHING POWDER 20'S,OTC,ashton & parsons teething powder 20's
ASHWAGANDHA GUMMIES 60'S,Other / uncategorised,ashwagandha gummies 60's
ASMADRIN TABS 25,Pharmacy medicine,asmadrin tabs 25
ASMANOL TABS,Pharmacy medicine,asmanol tabs
ASPIRIN ( ALKA-SELTZER) 324MGTABS 10'S,OTC,aspirin ( alka-seltzer) 324mgtabs 10's
ASPIRIN CARDIO 100MG TAB'S 30'S,OTC,aspirin cardio 100mg tab's 30's
ASPIRIN DISPERSIBLE 75MG ACCORD 100',Prescription medicine,aspirin dispersible 75mg accord 100'
ASTHALEX SALBUTAMOL SYRUP 100ML,Prescription medicine,asthalex salbutamol syrup 100ml
ASTONISH BATHROOM CLEANER,Cosmetics,astonish bathroom cleaner
ASTYFER SYR 200ML,OTC,astyfer syr 200ml
ASTYMIN SYRUP 200ML,Prescription medicine,astymin syrup 200ml
ATACAND PLUS 32/12.5MG,Prescription medicine,atacand plus 32/12.5mg
ATACAND PLUS TABS 16/12.5MG 28'S,Pharmacy medicine,atacand plus tabs 16/12.5mg 28's
ATACAND TAB 32MG,Prescription medicine,atacand tab 32mg
ATACAND TABS 16MG 28'S,Pharmacy medicine,atacand tabs 16mg 28's
ATACAND TABS 8MG 28'S,Pharmacy medicine,atacand tabs 8mg 28's
ATENOLOL 100MG 28'S UK,Prescription medicine,atenolol 100mg 28's uk
ATENOLOL 25MG TAB UK,Prescription medicine,atenolol 25mg tab uk
ATENOLOL 50MG TABS 28'S U.K.,OTC,atenolol 50mg tabs 28's u.k.
ATENOLOL TAB 50MG 28' UK,Prescription medicine,atenolol tab 50mg 28' uk
ATHENA COTTON BALLS 100'S,Other / uncategorised,athena cotton balls 100's
ATHENA COTTON BUDS 100'S,Other / uncategorised,athena cotton buds 100's
ATHENA EXFOLIATING GLOVES 2PK,Other / uncategorised,athena exfoliating gloves 2pk
ATHLETES FOOT ANTIFUNGAL CREAM,OTC,athletes foot antifungal cream
ATORVASTATIN (LIPITOR) 10MG TABS 30'S,Pharmacy medicine,atorvastatin (lipitor) 10mg tabs 30's
ATORVASTATIN (LIPITOR) 20MG TABS 30'S,Pharmacy medicine,atorvastatin (lipitor) 20mg tabs 30's
ATORVASTATIN (LIPITOR) 40MG TABS 30'S,Pharmacy medicine,atorvastatin (lipitor) 40mg tabs 30's
ATORVASTATIN 10MG TAB UK,Prescription medicine,atorvastatin 10mg tab uk
ATORVASTATIN 10MG TEVA,OTC,atorvastatin 10mg teva
ATORVASTATIN 20MG 28'S VEGA UK,OTC,atorvastatin 20mg 28's vega uk
ATORVASTATIN 20MG TABS TEVA,Pharmacy medicine,atorvastatin 20mg tabs teva
ATORVASTATIN 40MG TABS 28'S VEGA,Pharmacy medicine,atorvastatin 40mg tabs 28's vega
ATORVASTATIN 40MG TABS TEVA,Pharmacy medicine,atorvastatin 40mg tabs teva
ATORVASTATIN 80MG UK,OTC,atorvastatin 80mg uk
ATWOOD BITTERS,OTC,atwood bitters
AUGMENTIN (AMOXICILLIN/CLAVULANIC) 625MG TABS 14'S,Prescription medicine,augmentin (amoxicillin/clavulanic) 625mg tabs 14's
AUGMENTIN 1G (AMOXICILLIN/CLAVULANIC) TABS 14'S,Prescription medicine,augmentin 1g (amoxicillin/clavulanic) tabs 14's
AUGMENTIN 228ML/5ML SUSP,Prescription medicine,augmentin 228ml/5ml susp
AUGMENTIN SUSP 457MG 70ML,Prescription medicine,augmentin susp 457mg 70ml
AUNTIE MARY GRIPE WATER 160ML,OTC,auntie mary gripe water 160ml
AVAMYS NASAL SPRAY 7.5MCG 120 DOSES,OTC,avamys nasal spray 7.5mcg 120 doses
AVEENO ADULT BODY LOTION 500ML,Cosmetics,aveeno adult body lotion 500ml
AVEENO BABY LOTION 532ML,Baby & infant,aveeno baby lotion 532ml
AVEENO BABY WASH AND SHAMPOO,Other / uncategorised,aveeno baby wash and shampoo
AVEENO BODY WASH 975ML,Cosmetics,aveeno body wash 975ml
AVEENO DAILY MOISTURIZING LOTION 300ML,Other / uncategorised,aveeno daily moisturizing lotion 300ml
AVEENO DAILY MOISTURIZING LOTION 709ML,OTC,aveeno daily moisturizing lotion 709ml
AVEENO DAILY MOISTURIZING OIL 200ML,Other / uncategorised,aveeno daily moisturizing oil 200ml
AVOMINE (PROMETHAZINE TEOCLATE) 25MG TABS 10'S,Prescription medicine,avomine (promethazine teoclate) 25mg tabs 10's
AVOMINE (PROMETHAZINE) 25MG TAB 28'S,Other / uncategorised,avomine (promethazine) 25mg tab 28's
AXE BODY SPRAY 150ML,Other / uncategorised,axe body spray 150ml
AXE BODY SPRAY 250ML,Other / uncategorised,axe body spray 250ml
AYRTONS TOUCH AND GO TOOTHACHE SOLN 7ML,Other / uncategorised,ayrtons touch and go toothache soln 7ml
AYURSLIM CAPS 120'S,OTC,ayurslim caps 120's
AZATHIOPINE 50MG TAB,Prescription medicine,azathiopine 50mg tab
AZATHIOPRINE 25MG 100'S,Other / uncategorised,azathioprine 25mg 100's
AZILEX 250MG TAB,Other / uncategorised,azilex 250mg tab
AZILEX SUSP,Prescription medicine,azilex susp
AZITHRO 500MG TABS VEGA UK 3'S,Other / uncategorised,azithro 500mg tabs vega uk 3's
AZITHROMAYCIN (AZITHRO-DENK) 500MG 3'S,Prescription medicine,azithromaycin (azithro-denk) 500mg 3's
AZITHROMYCIN (AZITHRO DENK) 250MG TABS 6'S,Prescription medicine,azithromycin (azithro denk) 250mg tabs 6's
AZITHROMYCIN 250MG TAB VEGA,OTC,azithromycin 250mg tab vega
AZITHROMYCIN 250MG TABS TEVA 4'S,Prescription medicine,azithromycin 250mg tabs teva 4's
AZITHROMYCIN 250MG TABS UK 4'S,Prescription medicine,azithromycin 250mg tabs uk 4's
AZITHROMYCIN 500MG TABS UK,OTC,azithromycin 500mg tabs uk
AZITHROMYCIN 500MG TEVA CAP,Prescription medicine,azithromycin 500mg teva cap
AZITHROMYCIN SUSP 200MG/5ML (SANDOZ) 15ML,OTC,azithromycin susp 200mg/5ml (sandoz) 15ml
AZITHROMYCIN SUSP 200MG/5ML VEGA,Prescription medicine,azithromycin susp 200mg/5ml vega
AZO BORIC ACID VAGINAL SUPP 30'S,Other / uncategorised,azo boric acid vaginal supp 30's
AZO CRANBERRY 50'S CAPLET,OTC,azo cranberry 50's caplet
AZO CRANBERRY GUMMIES 40',OTC,azo cranberry gummies 40'
AZO CRANBERRY SOFTGEL 100'S CAPS,OTC,azo cranberry softgel 100's caps
AZO URINARY PAIN RELIEF 24'S,Other / uncategorised,azo urinary pain relief 24's
AZO URINARY TRACK DEFENSE 24'S,Other / uncategorised,azo urinary track defense 24's
AZO YEAST PLUS 60'S,Other / uncategorised,azo yeast plus 60's
AZOMAX 500MG TAB 3'S,OTC,azomax 500mg tab 3's
AZOMAX SUSP 200MG/5ML (AZITHROMYCIN SUSP ) 22.5ML,Prescription medicine,azomax susp 200mg/5ml (azithromycin susp ) 22.5ml
AZOPT EYE DROP 1% (BRINZOLAMIDE 10MG/ML),Pharmacy medicine,azopt eye drop 1% (brinzolamide 10mg/ml)
B CLAR CLARITHROMIYCIN 500MG,Other / uncategorised,b clar clarithromiycin 500mg
B-CO TABS 500( BLISTERS),OTC,b-co tabs 500( blisters)
BABY COUGH LINCTUS 100ML,Pharmacy medicine,baby cough linctus 100ml
BACLOFEN 10MG TABS 84'S UK,Prescription medicine,baclofen 10mg tabs 84's uk
BACLOFEN SYRUP 300ML,OTC,baclofen syrup 300ml
BACTROBAN (MUPIRICIN) 2% CREAM 15G GSK,Other / uncategorised,bactroban (mupiricin) 2% cream 15g gsk
BACTROBAN OINTMENT,OTC,bactroban ointment
BANANA BOAT BABY SUNSCREEN SPF 50,Other / uncategorised,banana boat baby sunscreen spf 50
BANANA BOAT KIDS SUNSCREEN SPF 50 SPRAY 141G,Other / uncategorised,banana boat kids sunscreen spf 50 spray 141g
BASEBOOM JELLY,OTC,baseboom jelly
BASIC NUTRITION CHARCOAL TABS,Other / uncategorised,basic nutrition charcoal tabs
BB COCKTAIL,Other / uncategorised,bb cocktail
BC 56 CREAM,OTC,bc 56 cream
BECOACTIN CYPROHEPTADINE CAPS 30'S,OTC,becoactin cyproheptadine caps 30's
BEECHAMS ALL IN ONE SYR 160ML,Pharmacy medicine,beechams all in one syr 160ml
BEECHAMS ALL IN ONE TABS 16'S,Other / uncategorised,beechams all in one tabs 16's
BEECHAMS COLD & FLU ALL TYPES 5'S,OTC,beechams cold & flu all types 5's
BEECHAMS COLD & FLU BLACKCURRANT 5'S,Other / uncategorised,beechams cold & flu blackcurrant 5's
BEECHAMS FLU PLUS CAPLETS 16'S,OTC,beechams flu plus caplets 16's
BEECHAMS FLU PLUS SACHET,Pharmacy medicine,beechams flu plus sachet
BEECHAMS POWDER 20'S,Other / uncategorised,beechams powder 20's
BEECHAMS POWDER SACHETS 10'S,OTC,beechams powder sachets 10's
BEEHIVE BALSAM SYRUP 200ML,OTC,beehive balsam syrup 200ml
BELL'S EMOLLIENT CREAM 250G,Cosmetics,bell's emollient cream 250g
BELLS ALMOND OIL 70ML,Pharmacy medicine,bells almond oil 70ml
BELLS ANTACID MIXTURE 200ML,OTC,bells antacid mixture 200ml
BELLS BABY COUGH 100ML,OTC,bells baby cough 100ml
BELLS CASTOR OIL 70ML,OTC,bells castor oil 70ml
BELLS CHILDREN CALAMIN LOTION 100ML 1+,Pharmacy medicine,bells children calamin lotion 100ml 1+
BELLS CHILDREN COUGH SYRUP 100ML,OTC,bells children cough syrup 100ml
BELLS CHILDREN VAPOUR RUB 50G,Other / uncategorised,bells children vapour rub 50g
BELLS GENTIAN VOILET 28ML,Pharmacy medicine,bells gentian voilet 28ml
BELLS IBUPROFEN CHILD,OTC,bells ibuprofen child
BELLS NERVE AND BONE LINIMENT SYRUP 100ML,OTC,bells nerve and bone liniment syrup 100ml
BELLS OLIVE OIL 70ML,OTC,bells olive oil 70ml
BELLS VITAMIN C SYR,Other / uncategorised,bells vitamin c syr
BENADRYL ALLERGY CAPS 24'S,Prescription medicine,benadryl allergy caps 24's
BENADRYL ALLERGY RELIEF CAPS 12'S,Cosmetics,benadryl allergy relief caps 12's
BENADRYL ALLERGY RELIEF OAD 30'S,OTC,benadryl allergy relief oad 30's
BENADRYL ALLERGY TAB 6',OTC,benadryl allergy tab 6'
BENADRYL FOR CHILDREN 6YRS+ / 2YRS 70ML,OTC,benadryl for children 6yrs+ / 2yrs 70ml
BENADRYL OAD ALLERGY 10MG 7'S,OTC,benadryl oad allergy 10mg 7's
BENDROFLUMETHAIZIDE 2.5MG UK,Pharmacy medicine,bendroflumethaizide 2.5mg uk
BENDROFLUMETHAIZIDE 2.5MG VEGA,Pharmacy medicine,bendroflumethaizide 2.5mg vega
BENDROFLUOXIDE 5MG TAB 28'S UK,Prescription medicine,bendrofluoxide 5mg tab 28's uk
BENGAY CREAM 226G,OTC,bengay cream 226g
BENYLIN 4FLU LIQUID 100ML,OTC,benylin 4flu liquid 100ml
BENYLIN 4FLU LIQUID 200ML,OTC,benylin 4flu liquid 200ml
BENYLIN 4FLU TAB 24'S,OTC,benylin 4flu tab 24's
BENYLIN CHESTY C & C TABS 16'S,Other / uncategorised,benylin chesty c & c tabs 16's
BENYLIN CHESTY COUGH 150ML (GUAFENESIN /LEVOMENTHOL) NONDROWSY,OTC,benylin chesty cough 150ml (guafenesin /levomenthol) nondrowsy
BENYLIN CHESTY COUGH ORIGINAL 150ML (DIPHEN/LEVOMENTHOL),OTC,benylin chesty cough original 150ml (diphen/levomenthol)
BENYLIN CHESTY NON-DROWSY 300ML,OTC,benylin chesty non-drowsy 300ml
BENYLIN CHILDREN CHESTY COUGH SYRUP 125ML 6+,OTC,benylin children chesty cough syrup 125ml 6+
BENYLIN CHILDREN NIGHT COUGH SYRUP 125ML,OTC,benylin children night cough syrup 125ml
BENYLIN CHILDREN'S DRY COUGH & SORE THROAT SYRUP 125ML 1YR +,Prescription medicine,benylin children's dry cough & sore throat syrup 125ml 1yr +
BENYLIN CHILDRENS WET COUGH MUCUS RELIEF 100ML,Other / uncategorised,benylin childrens wet cough mucus relief 100ml
BENYLIN COLD & FLU CAP 16'S,Prescription medicine,benylin cold & flu cap 16's
BENYLIN DAY & NIGHT 16'S,Other / uncategorised,benylin day & night 16's
BENYLIN DRY & TICKLY COUGH 300ML B/S,Other / uncategorised,benylin dry & tickly cough 300ml b/s
BENYLIN DRY & TICKLY COUGH SYRUP 150ML,OTC,benylin dry & tickly cough syrup 150ml
BENYLIN DRY COUGH 7.5/5ML 150ML (DEXAMETHOPHAN),OTC,benylin dry cough 7.5/5ml 150ml (dexamethophan)
BENYLIN DRY COUGH NIGHT,Pharmacy medicine,benylin dry cough night
BENYLIN DRY COUGH SYRUP 100ML,Prescription medicine,benylin dry cough syrup 100ml
BENYLIN HERBAL CHESTY 100MLS,Pharmacy medicine,benylin herbal chesty 100mls
"BENYLIN INFANTS COUGH SYRUP 125ML, 3MONTH+",OTC,"benylin infants cough syrup 125ml, 3month+"
BENYLIN MUCUS ALL IN ONE TAB 16'S,Pharmacy medicine,benylin mucus all in one tab 16's
BENYLIN MUCUS COUGH MAX 150ML HONEY & LEMON,Prescription medicine,benylin mucus cough max 150ml honey & lemon
BENYLIN MUCUS COUGH MAX METHOL 150ML,Other / uncategorised,benylin mucus cough max methol 150ml
BENYLIN MUCUS NIGHT COUGH SYRUP 150ML,Other / uncategorised,benylin mucus night cough syrup 150ml
BENYLIN MUCUS/DECONGESTANT SYR 100ML,OTC,benylin mucus/decongestant syr 100ml
BENYLIN ORIGINAL SYRUP 100ML,OTC,benylin original syrup 100ml
BENYLIN PAEDIATRIC SYRUP 100ML (6+),OTC,benylin paediatric syrup 100ml (6+)
BENYLIN WET COUGH MENTHOL SUSP 100ML,Other / uncategorised,benylin wet cough menthol susp 100ml
BENZATHINE PENICILLIN INJ 2.4MG,Prescription medicine,benzathine penicillin inj 2.4mg
BENZOYL PEROXIDE GEL 40G 10%,OTC,benzoyl peroxide gel 40g 10%
BENZOYL PEROXIDE SOAP,Other / uncategorised,benzoyl peroxide soap
BENZYL BENZOYL 2.5% CREAM,OTC,benzyl benzoyl 2.5% cream
BETACORT EEN DROPS 0.1% 10ML,OTC,betacort een drops 0.1% 10ml
BETAHISTINE DIHYROCHLORIDE 16MG TAB 84'S UK,Prescription medicine,betahistine dihyrochloride 16mg tab 84's uk
BETAHISTINE DIHYROCHLORIDE 8MG TAB 84'S UK,OTC,betahistine dihyrochloride 8mg tab 84's uk
BETALOC ZOC TABS 100MG 30'S,Prescription medicine,betaloc zoc tabs 100mg 30's
BETALOC ZOC TABS 25MG 14'S,Prescription medicine,betaloc zoc tabs 25mg 14's
BETALOC ZOC TABS 50MG 30'S,Pharmacy medicine,betaloc zoc tabs 50mg 30's
BETASOL CREAM 30G,OTC,betasol cream 30g
BETATOP 12.5MG (CARVEDILOL) 30'S,Prescription medicine,betatop 12.5mg (carvedilol) 30's
BETATOP 25MG (CARVEDILOL) 30'S,Prescription medicine,betatop 25mg (carvedilol) 30's
BETATOP 3.125MG (CARVEDILOL) 30'S,Prescription medicine,betatop 3.125mg (carvedilol) 30's
BETATOP 6.25MG (CARVEDILOL) 30'S,Pharmacy medicine,betatop 6.25mg (carvedilol) 30's
BETAXOLOL HCL 0.5% (BETOPTIC) EYE DROP 5ML,Prescription medicine,betaxolol hcl 0.5% (betoptic) eye drop 5ml
BETNOVATE CREAM 30GM,OTC,betnovate cream 30gm
BETNOVATE LOTION,Other / uncategorised,betnovate lotion
BETNOVATE N CREAM (NEOMYCIN) BP 30G,Pharmacy medicine,betnovate n cream (neomycin) bp 30g
BETNOVATE SKIN CREAM 100G,Prescription medicine,betnovate skin cream 100g
BF ACTIVE TOOTHBRUSH,Other / uncategorised,bf active toothbrush
BF ADVANCED CHARCOAL MOUTH WASH 500ML,OTC,bf advanced charcoal mouth wash 500ml
BF ARGAN OIL WAX 20'S,Other / uncategorised,bf argan oil wax 20's
BF CHARCOAL CLAY MASK 100ML,OTC,bf charcoal clay mask 100ml
BF CHARCOAL DENTAL FLOSS,OTC,bf charcoal dental floss
BF CHARCOAL FACIAL SCRUB 150ML,Cosmetics,bf charcoal facial scrub 150ml
BF CHARCOAL T/PASTE 125ML,Cosmetics,bf charcoal t/paste 125ml
BF FACIAL SCRUB APRICOT 150ML,Other / uncategorised,bf facial scrub apricot 150ml
BF FACIAL WIPES ALL TYPES 25',OTC,bf facial wipes all types 25'
BF FEMININE INTIMATE WASH ALOE 250ML,Pharmacy medicine,bf feminine intimate wash aloe 250ml
BF FEMININE INTIMATE WASH GENTLE 250ML,Other / uncategorised,bf feminine intimate wash gentle 250ml
BF FEMININE INTIMATE WIPES 20'S,Other / uncategorised,bf feminine intimate wipes 20's
BF HAIR REMOVAL CREAM ALL TYPES 100ML,OTC,bf hair removal cream all types 100ml
BF INTEDENTAL BRUSHES,OTC,bf intedental brushes
BF INTIMATE WOMEN DEO 150ML,Cosmetics,bf intimate women deo 150ml
BF VITAMIN C FACIAL SCRUB 150ML,OTC,bf vitamin c facial scrub 150ml
BF VITAMIN C FACIAL SCRUB POLISHING 150ML,Other / uncategorised,bf vitamin c facial scrub polishing 150ml
BF VITAMIN C FACIAL SERUM BRIGHTENING 150ML,Other / uncategorised,bf vitamin c facial serum brightening 150ml
BF VITAMIN C FACIAL WASH 150ML,Other / uncategorised,bf vitamin c facial wash 150ml
BF VITAMIN C MOISTURISER 100ML,Cosmetics,bf vitamin c moisturiser 100ml
BG GLUTAMIN PLUS TABS BLISS GVS,Pharmacy medicine,bg glutamin plus tabs bliss gvs
BIC 1 RAZOR CLASSIC 5'S,Other / uncategorised,bic 1 razor classic 5's
BIC DISPOSABLE TWIN LADY,Other / uncategorised,bic disposable twin lady
BIC RAZOR 3 HYBRID,Other / uncategorised,bic razor 3 hybrid
BIC RAZOR MISS 4'S,Other / uncategorised,bic razor miss 4's
BIC RAZOR SENSITIVE 5'S,Other / uncategorised,bic razor sensitive 5's
BICALUTAMIDE 150MG,Prescription medicine,bicalutamide 150mg
BICALUTAMIDE TABS 50MG 28'S UK,Pharmacy medicine,bicalutamide tabs 50mg 28's uk
BIMATOPROST 100CG/ML EYE DROP 3ML,Other / uncategorised,bimatoprost 100cg/ml eye drop 3ml
BIO OIL 25M,OTC,bio oil 25m
BIO OIL DRY SKIN GEL 100ML,OTC,bio oil dry skin gel 100ml
BIO OIL SKINCARE 125ML,Cosmetics,bio oil skincare 125ml
BIO OIL SKINCARE 200ML,Other / uncategorised,bio oil skincare 200ml
BIO OIL SKINCARE 60ML,Other / uncategorised,bio oil skincare 60ml
BIOPANUTIN 100MG PHENYTOIN SODIUM 60ML,Prescription medicine,biopanutin 100mg phenytoin sodium 60ml
BIOVID FORTE HIGH STRENGH VIT B1 B6 & B12,Prescription medicine,biovid forte high strengh vit b1 b6 & b12
BISACODYL TABS 5MG 100'S,OTC,bisacodyl tabs 5mg 100's
BISACODYL TABS 5MG 100'S VEGA,Pharmacy medicine,bisacodyl tabs 5mg 100's vega
BISOPROLOL 10MG TAB,Prescription medicine,bisoprolol 10mg tab
BISOPROLOL 5MG TAB SANDOZ UK,Pharmacy medicine,bisoprolol 5mg tab sandoz uk
BISOPROLOL TABS 2.5MG VEGA,Pharmacy medicine,bisoprolol tabs 2.5mg vega
BLISTEX LIP RELIEF CREAM 6G,Other / uncategorised,blistex lip relief cream 6g
BLOOD LANCET,OTC,blood lancet
BLUMOTIM DROPS,Other / uncategorised,blumotim drops
BLUPROST -RT LATANOPROST DROPS,Other / uncategorised,bluprost -rt latanoprost drops
BLUSOPT EYE DROP 5ML,Prescription medicine,blusopt eye drop 5ml
BOAFO OINTMENT,OTC,boafo ointment
BODYFUEL HYDRATION ELECTROLYTE 210G,Pharmacy medicine,bodyfuel hydration electrolyte 210g
BONAPLEX APPETITTE STIMULANT 250MLS,Pharmacy medicine,bonaplex appetitte stimulant 250mls
BONJELA JNR GEL 15G,OTC,bonjela jnr gel 15g
BONJELA ORAL GEL ADULT 15G,Prescription medicine,bonjela oral gel adult 15g
BONJELA SOOTHING TEETHING GEL,OTC,bonjela soothing teething gel
BONNISAN LIQUID 120ML,OTC,bonnisan liquid 120ml
BORGES CIDER VINAGAR 355,Other / uncategorised,borges cider vinagar 355
BORGES CLASSIC OLIVE OIL 125ML,OTC,borges classic olive oil 125ml
BORGES OLIVE OIL 250ML,OTC,borges olive oil 250ml
BORGES OLIVE OIL 500ML,OTC,borges olive oil 500ml
BORIC ACID PESSARY,Other / uncategorised,boric acid pessary
BORIC ACID SPIRIT EAR DROP 10ML,OTC,boric acid spirit ear drop 10ml
BRAGG APPLE CIDER VINEGAR 946ML,Other / uncategorised,bragg apple cider vinegar 946ml
BRAGGS APPLE CIDER VINEGAR 473ML,OTC,braggs apple cider vinegar 473ml
BRAIN WISE SYRUP,Other / uncategorised,brain wise syrup
BRENEX SYRUP,OTC,brenex syrup
BRIMODINE EYE DROP 5ML UK,Prescription medicine,brimodine eye drop 5ml uk
BRIMONIDINE 2MG/ML,Other / uncategorised,brimonidine 2mg/ml
BRO-ZEDEK COUGH SYRUP 100ML,OTC,bro-zedek cough syrup 100ml
BRONCHOSTOP JUNIOR SYRUP 200ML,Other / uncategorised,bronchostop junior syrup 200ml
BRONCHOSTOPADULT COUGH SYRUP 120ML,Other / uncategorised,bronchostopadult cough syrup 120ml
BRONCOLD SYRUP 125ML,Pharmacy medicine,broncold syrup 125ml
BUSCOMED TABS 500'S,Pharmacy medicine,buscomed tabs 500's
BUSCOPAN 10MG TABS 20'S,Other / uncategorised,buscopan 10mg tabs 20's
BUSCOPAN CRAMPS TABS 20' UK,Prescription medicine,buscopan cramps tabs 20' uk
BUSCOPAN TAB IBS RELIEF 20'S,Pharmacy medicine,buscopan tab ibs relief 20's
BUTTERCUP COUGH SYR 150ML,OTC,buttercup cough syr 150ml
BUTTERCUP COUGH SYR 75ML,Other / uncategorised,buttercup cough syr 75ml
BUTTERCUP ORIGINAL COUGH SYRUP 200ML,OTC,buttercup original cough syrup 200ml
BX FORTIFIED B VITAMINS SYRUP 200ML,OTC,bx fortified b vitamins syrup 200ml
BX FORTIFIED SYRUP 100ML,Other / uncategorised,bx fortified syrup 100ml
BY MY BEARD OIL 30ML,Cosmetics,by my beard oil 30ml
BY MY BEARD SHAMPOO/ MOISTURSER ALL TYPES 300ML,Other / uncategorised,by my beard shampoo/ moisturser all types 300ml
BY MY BEARD STYLER 150ML,Cosmetics,by my beard styler 150ml
C-PHENIRAMINE SYRUP 125ML,Other / uncategorised,c-pheniramine syrup 125ml
C-PRESS DROP,Prescription medicine,c-press drop
CABERGOLINE ( DOSTINEX) 0.5MG TABS 8'S,Prescription medicine,cabergoline ( dostinex) 0.5mg tabs 8's
CADBURY CRUNCHY MELT COOKIE 156G,Other / uncategorised,cadbury crunchy melt cookie 156g
CADBURY CRUNCHY MELT COOKIE 316G,Other / uncategorised,cadbury crunchy melt cookie 316g
CADBURY DAILY OREO BAR 120GM,Other / uncategorised,cadbury daily oreo bar 120gm
CADBURY DAIRY MILK BAR 95GM,Other / uncategorised,cadbury dairy milk bar 95gm
CADBURY DAIRY MILK BLOCK 110GM,Other / uncategorised,cadbury dairy milk block 110gm
CADBURY DAIRY MILK CARAMEL CHOCOLATE BAR 120GM,"Food, drinks & essentials",cadbury dairy milk caramel chocolate bar 120gm
CADBURY DAIRY MILK CHOPPED HAZELNUT CHOC BAR 95GM,"Food, drinks & essentials",cadbury dairy milk chopped hazelnut choc bar 95gm
CADBURY DAIRY MILK OREO CHOCOLATE BAR 96GM,"Food, drinks & essentials",cadbury dairy milk oreo chocolate bar 96gm
CAFERGOT SUPP,OTC,cafergot supp
CAFERGOT TABS 20S 1MG/100M,Other / uncategorised,cafergot tabs 20s 1mg/100m
CAFERGOT TABS 30'S BLISTER,OTC,cafergot tabs 30's blister
CAFFEINE SHAMPOO 250ML,Pharmacy medicine,caffeine shampoo 250ml
CALAMINE 15% OINTMENT 40G (DANNEX),Prescription medicine,calamine 15% ointment 40g (dannex)
CALAMINE LOTION LOCAL 100ML,OTC,calamine lotion local 100ml
CALCID-DENK,Pharmacy medicine,calcid-denk
CALCOUGH CHILDREN SYR 125ML,OTC,calcough children syr 125ml
CALCOUGH INFANT COUGH SYR 125MLS,Pharmacy medicine,calcough infant cough syr 125mls
CALCURY TABS 20'S,OTC,calcury tabs 20's
CALGEL TEETHING GEL,Pharmacy medicine,calgel teething gel
CALPOL 2+ 100ML,OTC,calpol 2+ 100ml
CALPOL SALINE NASAL DROP 10ML,OTC,calpol saline nasal drop 10ml
CALPOL SALINE NASAL SPRAY,OTC,calpol saline nasal spray
CALPOL VAPOR PLUG MACHINE,Other / uncategorised,calpol vapor plug machine
CALPOL VAPOR REFILL,Other / uncategorised,calpol vapor refill
CALPROFEN 100MG/5ML (IBUPROFEN),OTC,calprofen 100mg/5ml (ibuprofen)
CALYPSO SUNSCREEN LOTION SPF 15 200ML,Other / uncategorised,calypso sunscreen lotion spf 15 200ml
CAN COKE 330ML,"Food, drinks & essentials",can coke 330ml
CANADA DRY GIMGER ALE,"Food, drinks & essentials",canada dry gimger ale
CANDEREL GRANULA 40G JAR (POWDER),OTC,canderel granula 40g jar (powder)
CANDEREL TABS 105'S,Pharmacy medicine,canderel tabs 105's
CANDESARTAN 4MG TABS 28'S UK,OTC,candesartan 4mg tabs 28's uk
CANDESARTAN CILEXTIL 16MG TABS 28'S,OTC,candesartan cilextil 16mg tabs 28's
CANDESARTAN TAB 8MG 28'S UK,Prescription medicine,candesartan tab 8mg 28's uk
CANDESARTAN TAB 8MG 28'S VEGA,OTC,candesartan tab 8mg 28's vega
CANDESARTAN TABS 2MG 28'S UK,OTC,candesartan tabs 2mg 28's uk
CANDESARTAN TABS 32MG 28'S UK,OTC,candesartan tabs 32mg 28's uk
CANDIBIOTIC EAR DROPS (CHLORAMPHENICOL 5ML),Pharmacy medicine,candibiotic ear drops (chloramphenicol 5ml)
CANDID CLOTRIMAZOLE 1% CREAM 20G,OTC,candid clotrimazole 1% cream 20g
CANDID V6 GEL 30G,Other / uncategorised,candid v6 gel 30g
CANDIDERM (CLOTRIMAZOLE) 1% CREAM 15G,OTC,candiderm (clotrimazole) 1% cream 15g
CANESBALANCE BV GEL,Other / uncategorised,canesbalance bv gel
CANEST DUAL ACTION 1% CREAM 30G,Other / uncategorised,canest dual action 1% cream 30g
CANESTEN 1 PESS BAYER,OTC,canesten 1 pess bayer
CANESTEN ANTI FUNGAL CREAM 20G,Other / uncategorised,canesten anti fungal cream 20g
CANESTEN CREAM (CLOTRIMAZOLE 1%) 20G,OTC,canesten cream (clotrimazole 1%) 20g
CANESTEN THRUSH COMBI INTERNAL CREAMS,Other / uncategorised,canesten thrush combi internal creams
CANESTEN THRUSH COMBI PESSARY & EXTERNAL CREAM,Other / uncategorised,canesten thrush combi pessary & external cream
CANESTEN THRUSH CREAM 20G (CLOTRIMAZOLE 2%),OTC,canesten thrush cream 20g (clotrimazole 2%)
CANESTEN THRUSH DUO 150MG CAP 2% CREAM,Other / uncategorised,canesten thrush duo 150mg cap 2% cream
CANESTEN THRUSH EXTERNAL CREAM 2% 20G,Other / uncategorised,canesten thrush external cream 2% 20g
CANESTEN THRUSH PESS 500MG,Other / uncategorised,canesten thrush pess 500mg
CANESTEN THRUSH SOFT GEL PESS,Prescription medicine,canesten thrush soft gel pess
CANNULA BLUE,Pharmacy medicine,cannula blue
CANNULA GREEN,Pharmacy medicine,cannula green
CANNULA PINK,Pharmacy medicine,cannula pink
CANNULA YELLOW,Pharmacy medicine,cannula yellow
CAPRISUN 100%,Cosmetics,caprisun 100%
CAPSITOP GEL 30G,Prescription medicine,capsitop gel 30g
CARBAMAZEPINE 100MG 84'S,OTC,carbamazepine 100mg 84's
CARBAMAZEPINE 200MG 84'S UK TAB,Prescription medicine,carbamazepine 200mg 84's uk tab
CARBIMAZOLE 20MG TAB 100'S,Other / uncategorised,carbimazole 20mg tab 100's
CARBIMAZOLE 5MG UK 100'S,Prescription medicine,carbimazole 5mg uk 100's
CARBIMAZOLE TAB 5MG 100'S UK MANX,Other / uncategorised,carbimazole tab 5mg 100's uk manx
CARDIOACE MAX CAPS 84'S,Pharmacy medicine,cardioace max caps 84's
CARDIOACE ORIGINAL TABS 30'S,OTC,cardioace original tabs 30's
CARDIOACE PLUS CAPS 60',OTC,cardioace plus caps 60'
CARDIOPAT CAPS 30'S,OTC,cardiopat caps 30's
CARE ANTISEPTIC MOUTH WASH,Other / uncategorised,care antiseptic mouth wash
CARE CALAMINE LOTION 200ML,Other / uncategorised,care calamine lotion 200ml
CARE FREE PANTY LINER COTTON PERFUME 20'S,Other / uncategorised,care free panty liner cotton perfume 20's
CARE HAEMORRHOID OINTMNET 25G,Other / uncategorised,care haemorrhoid ointmnet 25g
CARE IBUPROFEN GEL 100G,Other / uncategorised,care ibuprofen gel 100g
CARE IBUPROFEN GEL 50G,Other / uncategorised,care ibuprofen gel 50g
CARE OLIVE OIL EAR DROPS 10ML,OTC,care olive oil ear drops 10ml
CARE POTASSIUM CITRATE SOLUTION 200ML,Pharmacy medicine,care potassium citrate solution 200ml
CARE SIMPLE LINCTUS ADULT 200ML,Pharmacy medicine,care simple linctus adult 200ml
CARE SIMPLE LINCTUS PAED 200ML,OTC,care simple linctus paed 200ml
CARE SURGICAL SPIRIT 200MLS,Other / uncategorised,care surgical spirit 200mls
CAREFREE PANTY LINER COTTON PERFUME 20'S,Other / uncategorised,carefree panty liner cotton perfume 20's
CAREFREE PANTY LINER FRESH SCENT 20'S,OTC,carefree panty liner fresh scent 20's
CAREX SHOWER GEL 500ML,Other / uncategorised,carex shower gel 500ml
CARVEDI-DENK 25MG 30'S,OTC,carvedi-denk 25mg 30's
CARVEDI-DENK 6.25MG TAB,Prescription medicine,carvedi-denk 6.25mg tab
CARVEDILOL 12.5MG RELONCHEM 28'S,Other / uncategorised,carvedilol 12.5mg relonchem 28's
CARVEDILOL 12.5MG TABS VEGA 28'S,Prescription medicine,carvedilol 12.5mg tabs vega 28's
CARVEDILOL 12.5MG TEVA,Prescription medicine,carvedilol 12.5mg teva
CARVEDILOL 25MG 28'S RELONCHEM,Other / uncategorised,carvedilol 25mg 28's relonchem
CARVEDILOL 25MG TAB 28'S UK,Pharmacy medicine,carvedilol 25mg tab 28's uk
CARVEDILOL 25MG TAB TEVA,OTC,carvedilol 25mg tab teva
CARVEDILOL 3.125MG TAB 28'S TEVA,Pharmacy medicine,carvedilol 3.125mg tab 28's teva
CARVEDILOL 6.25MG 28'S TEVA,Other / uncategorised,carvedilol 6.25mg 28's teva
CARVEDILOL 6.25MG TAB 28'S,Pharmacy medicine,carvedilol 6.25mg tab 28's
CASODEX 150MG TABS 28'S,Prescription medicine,casodex 150mg tabs 28's
CASODEX 50MG TABS 28'S,Prescription medicine,casodex 50mg tabs 28's
CATAFLAM TABS 50MG 100'S,Other / uncategorised,cataflam tabs 50mg 100's
CATAFLAM TABS 50MG 20'S,Pharmacy medicine,cataflam tabs 50mg 20's
CEBROTONIN (PIRACETAM TAB 800MG) 30'S,Pharmacy medicine,cebrotonin (piracetam tab 800mg) 30's
CEFIXIME (ENAFIX) 200MG TABS 10'S,Pharmacy medicine,cefixime (enafix) 200mg tabs 10's
CEFIXIME SUSP 100/5ML 60ML,OTC,cefixime susp 100/5ml 60ml
CEFIXIME TABS 200MG 10' VEGA,Prescription medicine,cefixime tabs 200mg 10' vega
CEFPODOXIME (ORELOX) 100MG TABS 10'S,Prescription medicine,cefpodoxime (orelox) 100mg tabs 10's
CEFPODOXIME (ORELOX) 200MG TABS 10'S,Prescription medicine,cefpodoxime (orelox) 200mg tabs 10's
CEFPODOXIME (ORELOX) 40MG/5ML SUSP 100ML,Prescription medicine,cefpodoxime (orelox) 40mg/5ml susp 100ml
CEFPODOXIME (ORELOX) 40MG/5ML SUSP 50ML,Prescription medicine,cefpodoxime (orelox) 40mg/5ml susp 50ml
CEFTRIAXONE INJECTION 1G,Prescription medicine,ceftriaxone injection 1g
CEFUROXIME 750MG INJECTION TROGE,OTC,cefuroxime 750mg injection troge
CEFUROXIME AXETIL 500MG 10'S VEGA UK,Other / uncategorised,cefuroxime axetil 500mg 10's vega uk
CEFUROXIME AXETIL SUSPENSION 125MG/5ML 70ML VEGA UK,Other / uncategorised,cefuroxime axetil suspension 125mg/5ml 70ml vega uk
CEFUROXIME INJ 750MG VEGA,Prescription medicine,cefuroxime inj 750mg vega
CEFUROXIME INJ KEFROX 750MG,OTC,cefuroxime inj kefrox 750mg
CEFUROXIME SUSP 125/5ML 50ML VEGA UK,Other / uncategorised,cefuroxime susp 125/5ml 50ml vega uk
CEFUROXIME TAB 250MG VEGA,Prescription medicine,cefuroxime tab 250mg vega
CEFUROXIME TAB 500MG UK,Other / uncategorised,cefuroxime tab 500mg uk
CELECOXIB (CELEBREX) 200MG CAPS 10'S,Pharmacy medicine,celecoxib (celebrex) 200mg caps 10's
CELECOXIB 100MG TAB 60'S,OTC,celecoxib 100mg tab 60's
CELECOXIB 200MG 200MG 30'S VEGA,Other / uncategorised,celecoxib 200mg 200mg 30's vega
CELECOXIB 200MG CAPS VEGA 100'S,Other / uncategorised,celecoxib 200mg caps vega 100's
CELECOXIB 200MG UK 10'S,Pharmacy medicine,celecoxib 200mg uk 10's
CELECOXIB CAPS 200MG 30'S VEGA,Other / uncategorised,celecoxib caps 200mg 30's vega
CENART FORTE 80/480,Other / uncategorised,cenart forte 80/480
CENTRUM ADV 50+ MULTIVITAMIN 30'S,OTC,centrum adv 50+ multivitamin 30's
CENTRUM ADV MULTIVITAMIN 30'S,Other / uncategorised,centrum adv multivitamin 30's
CENTRUM ADVANCE 30'S,OTC,centrum advance 30's
CENTRUM ADVANCE 60'S,Other / uncategorised,centrum advance 60's
CENTRUM MEN 50+ 275'S,OTC,centrum men 50+ 275's
CENTRUM MEN 50+275S,OTC,centrum men 50+275s
CENTRUM MEN MULTIVITAMIN 30'S,Prescription medicine,centrum men multivitamin 30's
CENTRUM PERFORMANCE TABS 30'S,Other / uncategorised,centrum performance tabs 30's
CENTRUM VIT D BOOST 30'S,Other / uncategorised,centrum vit d boost 30's
CENTRUM WOMEN 50+,Prescription medicine,centrum women 50+
CENTRUM WOMEN 50+ 275'S,OTC,centrum women 50+ 275's
CENTRUM WOMEN MULTI VIT. 30'S,OTC,centrum women multi vit. 30's
CERAVE BABY LOTION 237ML,Cosmetics,cerave baby lotion 237ml
CERAVE MOISTURIZING CREAM 453G,Cosmetics,cerave moisturizing cream 453g
CERAVE MOISTURIZING LOTION 355ML,Cosmetics,cerave moisturizing lotion 355ml
CERAVE SUNSCREEN SPF 50,OTC,cerave sunscreen spf 50
CERES FRUIT JUICE 200ML,"Food, drinks & essentials",ceres fruit juice 200ml
CERUMOL EAR DROPS,OTC,cerumol ear drops
CERUMOL OLIVE OIL EAR DROP 10ML,Other / uncategorised,cerumol olive oil ear drop 10ml
CERVICAL COLLAR SOFT,Other / uncategorised,cervical collar soft
CERVICAL WHITE COLLAR WITH CHIN REST,Other / uncategorised,cervical white collar with chin rest
CETAPHIL MOISTURIZING BODY WASH 591ML,Cosmetics,cetaphil moisturizing body wash 591ml
CETAPHIL MOISTURIZING CREAM 453G,Other / uncategorised,cetaphil moisturizing cream 453g
CETAPHIL MOISTURIZING LOTION 591ML,Cosmetics,cetaphil moisturizing lotion 591ml
CETAPOL SYRUP (PARACETAMOL SYR) 100ML,Other / uncategorised,cetapol syrup (paracetamol syr) 100ml
CETAPOL(PARACETAMOL 500MG) TABS 500'S,Other / uncategorised,cetapol(paracetamol 500mg) tabs 500's
CETIRIZINE 10MG TABS 30'S CRESCENT,Other / uncategorised,cetirizine 10mg tabs 30's crescent
CETIRIZINE 10MG TABS 30'S UK,OTC,cetirizine 10mg tabs 30's uk
CETRIZAN (CETRIZINE) 10MG TAB EXETER 20'S,Pharmacy medicine,cetrizan (cetrizine) 10mg tab exeter 20's
CETRIZAN (CETRIZINE) SYR 5ML 60ML EXETER,Pharmacy medicine,cetrizan (cetrizine) syr 5ml 60ml exeter
CHAPSTICK ORIGINAL,Cosmetics,chapstick original
CHARCOAL POWDER,OTC,charcoal powder
CHERRIEP SYR 200MLS,Pharmacy medicine,cherriep syr 200mls
CHILDREN'S FLONASE ALLERGY RELIEF,OTC,children's flonase allergy relief
CHILLY FEMININE WASH ALL TYPES 300MLS,Other / uncategorised,chilly feminine wash all types 300mls
CHLORAMPHENICOL CAPS 250MG 50'S,Prescription medicine,chloramphenicol caps 250mg 50's
CHLORAMPHINCOL 1% EYE OINT 5G ( TROGE),Pharmacy medicine,chloramphincol 1% eye oint 5g ( troge)
CHLORAMPHINECOL EYE DROPS 0.5% 10ML,OTC,chloramphinecol eye drops 0.5% 10ml
CHLORHEXIDINE 7.1% GEL 15G UK,Other / uncategorised,chlorhexidine 7.1% gel 15g uk
CHLORHEXIDINE GLUCONATE MOUTHWASH 300ML,Other / uncategorised,chlorhexidine gluconate mouthwash 300ml
CHLORHEZIDINE GEL 25MG ACCORD,OTC,chlorhezidine gel 25mg accord
CHLORXY-G GEL 25G (CHLORHEXIDINE),OTC,chlorxy-g gel 25g (chlorhexidine)
CHOCHO CREAM 32G,OTC,chocho cream 32g
CHOCHO SOAP,Herbal,chocho soap
CIALIS 5MG TABS,Other / uncategorised,cialis 5mg tabs
CIALIS TABS 20MG 4'S,Pharmacy medicine,cialis tabs 20mg 4's
CILOXAN DROPS 5ML 0.3% (CIPROFLOXACIN),OTC,ciloxan drops 5ml 0.3% (ciprofloxacin)
CIPRINOL TABS 500MG 10'S KRKA,OTC,ciprinol tabs 500mg 10's krka
CIPRO 500 10'S MILPHARM,Other / uncategorised,cipro 500 10's milpharm
CIPRO-DENK ( CIPROFLOXACIN) 500MG TABS 10'S,Prescription medicine,cipro-denk ( ciprofloxacin) 500mg tabs 10's
CIPRO-DENK ( CIPROFLOXACIN) 750MG TABS 10'S,Prescription medicine,cipro-denk ( ciprofloxacin) 750mg tabs 10's
CIPROBAY (CIPROFLOXACIN 500MG) TABS 10'S,Prescription medicine,ciprobay (ciprofloxacin 500mg) tabs 10's
CIPROFLOXACIN 0.3% (EXCIPRO) EYE/EAR DROP,OTC,ciprofloxacin 0.3% (excipro) eye/ear drop
CIPROFLOXACIN 200MG INFUSION,Prescription medicine,ciprofloxacin 200mg infusion
CIPROFLOXACIN 250MG TAB UK,OTC,ciprofloxacin 250mg tab uk
CIPROFLOXACIN 500MG TABS 10'S NOUMED,Prescription medicine,ciprofloxacin 500mg tabs 10's noumed
CIPROFLOXACIN 750MG TAB 10'S UK,OTC,ciprofloxacin 750mg tab 10's uk
CIPROFLOXACIN EYE DROP VEGA,OTC,ciprofloxacin eye drop vega
CIPROFLOXACIN OPHTHALMIC OINT 5G VEGA UK,Other / uncategorised,ciprofloxacin ophthalmic oint 5g vega uk
CIPROFLOXACIN SUSPENSION 250MG/5ML 100ML VEGA,OTC,ciprofloxacin suspension 250mg/5ml 100ml vega
CIPROFLOXACIN TAB 500MG VEGA,Prescription medicine,ciprofloxacin tab 500mg vega
CIPROLEX 500MG TAB,Prescription medicine,ciprolex 500mg tab
CIPROLEX EYE OINT 5G,Prescription medicine,ciprolex eye oint 5g
"CIPROLEX EYE,EAR DROP 5ML",Prescription medicine,"ciprolex eye,ear drop 5ml"
CIPROLEX TZ 500MG TABS 14'S,Prescription medicine,ciprolex tz 500mg tabs 14's
CITALOPRAM 40MG 28'S,OTC,citalopram 40mg 28's
CITALOPRAM TAB 10MG 28',Prescription medicine,citalopram tab 10mg 28'
CITALOPRAM TAB 20MG 28',Prescription medicine,citalopram tab 20mg 28'
CITICOLINE 500MG TABS,Other / uncategorised,citicoline 500mg tabs
CITRO C SYRUP 100ML,OTC,citro c syrup 100ml
CITRO-C TAB (VITAMIN C 100MG),OTC,citro-c tab (vitamin c 100mg)
CLARITHROMYCIN 500MG TAB 14'S VEGA,OTC,clarithromycin 500mg tab 14's vega
CLARITHROMYCIN 500MG UK,Other / uncategorised,clarithromycin 500mg uk
CLARITHROMYCIN SUSP 250MG/5ML 30ML,Pharmacy medicine,clarithromycin susp 250mg/5ml 30ml
CLARITYNE ALLERGY TAB 10MG 10'S,OTC,clarityne allergy tab 10mg 10's
CLARITYNE ALLERGY TAB 10MG 30'S,OTC,clarityne allergy tab 10mg 30's
CLARITYNE SYRUP 100ML (LORATADINE),Pharmacy medicine,clarityne syrup 100ml (loratadine)
CLEAR AND SIMPLE PREG EARLY RESPONSE TEST,Other / uncategorised,clear and simple preg early response test
CLEAR AND SIMPLE PREG TEST 2',OTC,clear and simple preg test 2'
CLEAR AND SIMPLE PREG TEST KIT 1',Other / uncategorised,clear and simple preg test kit 1'
CLEAR EYES REDNESS RELIEF DROPS 10ML,OTC,clear eyes redness relief drops 10ml
CLEAR PAIN RELIEF EAR DROPS 7G,Other / uncategorised,clear pain relief ear drops 7g
CLEARASIL 5IN1 EXFOLIATING SCRUB 150ML,Other / uncategorised,clearasil 5in1 exfoliating scrub 150ml
CLEARASIL GENTLE GEL WASH 150ML,Other / uncategorised,clearasil gentle gel wash 150ml
CLEARASIL RAPID ACTION TONER 200ML,Other / uncategorised,clearasil rapid action toner 200ml
CLEARBLUE DIGITAL PREGNANCY TEST 1,Other / uncategorised,clearblue digital pregnancy test 1
CLEARBLUE DIGITAL PREGNANCY TEST 2,Other / uncategorised,clearblue digital pregnancy test 2
CLEARBLUE EARLY DETECTION PREGNANCY TEST 1,Other / uncategorised,clearblue early detection pregnancy test 1
CLEARBLUE EARLY DETECTION PREGNANCY TEST 2,Other / uncategorised,clearblue early detection pregnancy test 2
CLEARBLUE OVULATION TEST STICKS,Other / uncategorised,clearblue ovulation test sticks
CLEXANE 400IU INJ 2',Other / uncategorised,clexane 400iu inj 2'
CLEXANE ENOXAPARIN SODIUM INJ 6000IU/0.6,Prescription medicine,clexane enoxaparin sodium inj 6000iu/0.6
CLINDAMYCIN ( DALACIN C) 150MG CAP 100'S,Prescription medicine,clindamycin ( dalacin c) 150mg cap 100's
CLINDAMYCIN ( DALACIN C) 300MG CAP 16'S,Prescription medicine,clindamycin ( dalacin c) 300mg cap 16's
CLINDAMYCIN ( DALACIN C) 300MG INJ 1'S,Prescription medicine,clindamycin ( dalacin c) 300mg inj 1's
CLINDAMYCIN 150MG 100'S VEGA,OTC,clindamycin 150mg 100's vega
CLINDAMYCIN 150MG CAPS (CLINMAX) 100'S,Prescription medicine,clindamycin 150mg caps (clinmax) 100's
CLINDAMYCIN 300MG CAPS 100'S UK,Prescription medicine,clindamycin 300mg caps 100's uk
CLINDAMYCIN 300MG INJ 5'S,Prescription medicine,clindamycin 300mg inj 5's
CLINDAMYCIN PHOSPATE INJ 300MG/2ML UK 10'S,OTC,clindamycin phospate inj 300mg/2ml uk 10's
CLINDAMYCIN SUSPENSION 100ML,Other / uncategorised,clindamycin suspension 100ml
CLINDAMYCIN VAGINAL CREAM,Prescription medicine,clindamycin vaginal cream
CLOMIPHENE (CLOMID) 50MG TABS 10'S,Prescription medicine,clomiphene (clomid) 50mg tabs 10's
CLONAZEPAM 0.5MG 100',Other / uncategorised,clonazepam 0.5mg 100'
CLONAZEPAM 2MG 100',Other / uncategorised,clonazepam 2mg 100'
CLOPIDOGREL 75MG TAB 28'S UK,Prescription medicine,clopidogrel 75mg tab 28's uk
CLOPIDOGREL 75MG TAB 30'S (FRELET 75),Prescription medicine,clopidogrel 75mg tab 30's (frelet 75)
CLOPIDOGREL ZENTIVA 75MG TAB 28'S,Prescription medicine,clopidogrel zentiva 75mg tab 28's
CLOPIDOREL ( PLAVIX) 75MG TABS 28'S,Prescription medicine,clopidorel ( plavix) 75mg tabs 28's
CLOTRI-DENK CREAM 1%,Pharmacy medicine,clotri-denk cream 1%
CLOTRIMAZOLE ( CLOTRI-DENK) 100MG VAGINAL PESS 6'S,OTC,clotrimazole ( clotri-denk) 100mg vaginal pess 6's
CLOTRIMAZOLE 100 (CANDID V6) PESS 6'S,OTC,clotrimazole 100 (candid v6) pess 6's
CLOTRIMAZOLE CREAM 1% 20G,OTC,clotrimazole cream 1% 20g
CLOTRIMAZOLE PESS 100MG 6'S VEGA,Other / uncategorised,clotrimazole pess 100mg 6's vega
CO AMOXICLAV 600MG INJECTION,Prescription medicine,co amoxiclav 600mg injection
CO-AMOXICLAV SUSP UK 228.5MG/5ML 70ML,Prescription medicine,co-amoxiclav susp uk 228.5mg/5ml 70ml
CO-AMOXICLAV SUSP UK 457MG/5ML 70ML,Prescription medicine,co-amoxiclav susp uk 457mg/5ml 70ml
CO-AMOXICLAV UK 1000MG VEGA,Prescription medicine,co-amoxiclav uk 1000mg vega
CO-AMOXICLAV UK TAB 625MG VEGA,Prescription medicine,co-amoxiclav uk tab 625mg vega
CO-CODAMOL 30/500MG TAB 100'S,Prescription medicine,co-codamol 30/500mg tab 100's
CO-CODAMOL 8/500MG 100',Pharmacy medicine,co-codamol 8/500mg 100'
CO-CODAMOL 8/500MG 32'S,Prescription medicine,co-codamol 8/500mg 32's
CO-DIOVAN TABS ( 160/12.5)MG 28'S,Pharmacy medicine,co-diovan tabs ( 160/12.5)mg 28's
CO-DIOVAN TABS ( 80/12.5)MG 28'S,Pharmacy medicine,co-diovan tabs ( 80/12.5)mg 28's
CO-MICARDIS (TELMISARTAN) 40/12.5MG TAB 28'S,Prescription medicine,co-micardis (telmisartan) 40/12.5mg tab 28's
CO-MICARDIS (TELMISARTAN) 80/12.5MG TAB 28'S,Other / uncategorised,co-micardis (telmisartan) 80/12.5mg tab 28's
COA MIXTURE 250ML,OTC,coa mixture 250ml
COA PLUS,Other / uncategorised,coa plus
COARTEM D 20/120MG 12'S,Pharmacy medicine,coartem d 20/120mg 12's
COARTEM D 20/120MG 18'S,Pharmacy medicine,coartem d 20/120mg 18's
COARTEM D 20/120MG 6'S,Pharmacy medicine,coartem d 20/120mg 6's
COARTEM TABS 80/480MG 6'S,Pharmacy medicine,coartem tabs 80/480mg 6's
COKE ZERO CAN 330ML,Other / uncategorised,coke zero can 330ml
COLCHICINE 500MCG TAB 100'S UK,Prescription medicine,colchicine 500mcg tab 100's uk
COLDIRON SIROP 125ML,OTC,coldiron sirop 125ml
COLDRILIF CAPS,OTC,coldrilif caps
COLDRILIF DECONGESTANT ANTIPYRETIC SYRUP 60ML,Prescription medicine,coldrilif decongestant antipyretic syrup 60ml
COLGATE ADV WHITE 75ML,OTC,colgate adv white 75ml
COLGATE ADV WHITE CHARCOAL 75ML,"Food, drinks & essentials",colgate adv white charcoal 75ml
COLGATE DEEP CLEAN WHITENING BAKING SODA 75ML,OTC,colgate deep clean whitening baking soda 75ml
COLGATE DOUBLE ACTION T/BRUSH,Other / uncategorised,colgate double action t/brush
COLGATE HERBAL T/PASTE 140ML,OTC,colgate herbal t/paste 140ml
COLGATE M/WASH 250ML,Other / uncategorised,colgate m/wash 250ml
COLGATE M/WASH 500ML ALL TYPES,OTC,colgate m/wash 500ml all types
COLGATE MAX CLEAN T/PASTE 75ML,Other / uncategorised,colgate max clean t/paste 75ml
COLGATE MAX FRESH COOL MINT 100ML,Other / uncategorised,colgate max fresh cool mint 100ml
COLGATE MAX FRESH COOL MINT 75ML,Other / uncategorised,colgate max fresh cool mint 75ml
COLGATE MAX FRESH COOLING CRYSRAL 100ML,Other / uncategorised,colgate max fresh cooling crysral 100ml
COLGATE MAXFRESH COOLIN CRYSTAL 75ML,OTC,colgate maxfresh coolin crystal 75ml
COLGATE NATURAL EXT CHARCOAL T/PASTE 75ML,OTC,colgate natural ext charcoal t/paste 75ml
COLGATE PLAX SOFT MINT M/WASH 250ML,Other / uncategorised,colgate plax soft mint m/wash 250ml
COLGATE T/BRUSH ELECRIC BARBIE,OTC,colgate t/brush elecric barbie
COLGATE T/BRUSH ELECTRIC BAT MAN,OTC,colgate t/brush electric bat man
COLGATE T/PASTE 0-2YRS,OTC,colgate t/paste 0-2yrs
COLGATE T/PASTE 2-5 YRS,OTC,colgate t/paste 2-5 yrs
COLGATE T/PASTE 6 YRS+,OTC,colgate t/paste 6 yrs+
COLGATE T/PASTE 6-9 YRS,OTC,colgate t/paste 6-9 yrs
COLGATE T/PASTE CAVITY PROTECTION 75ML,Other / uncategorised,colgate t/paste cavity protection 75ml
COLGATE T/PASTE KIDS MINT 6+ 50ML,Other / uncategorised,colgate t/paste kids mint 6+ 50ml
COLGATE T/PASTE MAX CAVITY PROTECTN,OTC,colgate t/paste max cavity protectn
COLGATE T/PASTE SENSITIVE INSTANT ENAMEL,OTC,colgate t/paste sensitive instant enamel
COLGATE T/PASTE TOTAL ACTIVE FRESH 75ML,OTC,colgate t/paste total active fresh 75ml
COLGATE T/PASTE TRIPLE ACTION XTRA WHITE 75G,Other / uncategorised,colgate t/paste triple action xtra white 75g
COLGATE TOOTH BRUSH 3-5,Cosmetics,colgate tooth brush 3-5
COLGATE TOOTH BRUSH 6 - 9,Other / uncategorised,colgate tooth brush 6 - 9
COLGATE TOOTH BRUSH EXTRA CLEAN MEDIUM 3'S,OTC,colgate tooth brush extra clean medium 3's
COLGATE TOOTHBRUSH SMILES 0-2 YEARS,Other / uncategorised,colgate toothbrush smiles 0-2 years
COLGATE TOOTHBRUSH TRIPLE ACTION TWIN,Other / uncategorised,colgate toothbrush triple action twin
COLGATE TOOTHPASTE SMILES KIDS 3+ 50ML,Other / uncategorised,colgate toothpaste smiles kids 3+ 50ml
COLGATE TOTAL ORIGINAL T/PASTE 75ML,Other / uncategorised,colgate total original t/paste 75ml
COLGATE TOTAL WHITENING T/PASTE 75ML,Other / uncategorised,colgate total whitening t/paste 75ml
COLGATE TRIPLE ACTION T/PASTE 75ML,OTC,colgate triple action t/paste 75ml
COLGATE WHITE TEETH T/PASTE 75ML,OTC,colgate white teeth t/paste 75ml
COLLAGEN YOUTHEORY 390'S,OTC,collagen youtheory 390's
COLLAR HARD WITH CHIN,Other / uncategorised,collar hard with chin
COLODIUM CAPS,OTC,colodium caps
COLOSAR DENK 100/12.5MG,Prescription medicine,colosar denk 100/12.5mg
COMBAMED ORAL SUSP 15ML,Other / uncategorised,combamed oral susp 15ml
COMBAMED TAB 125MG,OTC,combamed tab 125mg
COMBIGAN EYE DROP 5ML,Prescription medicine,combigan eye drop 5ml
COMIT 100 TAB,OTC,comit 100 tab
COMIT 50,OTC,comit 50
COMPRESSION STOCKINGS (ABOVE THIGH ),Pharmacy medicine,compression stockings (above thigh )
COMPRESSION STOCKINGS S/S (ABOVE KNEE),OTC,compression stockings s/s (above knee)
CONFIDO TAB 60'S,OTC,confido tab 60's
CONGESTYL SYR (CHLORPHENIRAMINE 1.5MG) 60MLS,Pharmacy medicine,congestyl syr (chlorpheniramine 1.5mg) 60mls
CONGESTYL TABS,Pharmacy medicine,congestyl tabs
CONTAC DUAL RELIEF TABS 18'S,OTC,contac dual relief tabs 18's
CONTIFLO XL (TAMSULOSIN) 400MG 30'S,Pharmacy medicine,contiflo xl (tamsulosin) 400mg 30's
COOL EYES DROPS 10ML (ASHFORD),OTC,cool eyes drops 10ml (ashford)
CORALAN IVABRADINE 7.5MG TABS,Prescription medicine,coralan ivabradine 7.5mg tabs
CORALAN(IVABRADINE) 5MG TABS,OTC,coralan(ivabradine) 5mg tabs
CORORANGE MULTIVITAMIN CAPS,Pharmacy medicine,cororange multivitamin caps
CORORANGE MULTIVITAMIN SYR,Pharmacy medicine,cororange multivitamin syr
CORSODYL 500ML ALL TYPES,OTC,corsodyl 500ml all types
CORSODYL COMPLETE PROTECTION M/WASH 500ML,Other / uncategorised,corsodyl complete protection m/wash 500ml
CORSODYL ORIGINAL 300ML ALL TYPES,Pharmacy medicine,corsodyl original 300ml all types
CORSODYL TOOTH PASTE 100ML,Other / uncategorised,corsodyl tooth paste 100ml
COSOPT EYE DROP 5ML,Prescription medicine,cosopt eye drop 5ml
COVERAM 10M/10MG (PERINDOPRIL/AMLO),Prescription medicine,coveram 10m/10mg (perindopril/amlo)
COVERAM 10MG/5MG TAB,Prescription medicine,coveram 10mg/5mg tab
COVERAM 5/10MG TABS,Other / uncategorised,coveram 5/10mg tabs
COVERAM 5M/5MG (PERINDOPRIL/AMLO),Prescription medicine,coveram 5m/5mg (perindopril/amlo)
COVERSYL 10MG TAB 30'S,Prescription medicine,coversyl 10mg tab 30's
COVERSYL 5MG TAB 30'S,Prescription medicine,coversyl 5mg tab 30's
COVERSYL PLUS 10/2.5MG TAB 30'S,Prescription medicine,coversyl plus 10/2.5mg tab 30's
COVERSYL PLUS 5/1.25MG TAB 30'S,Prescription medicine,coversyl plus 5/1.25mg tab 30's
COVONIA CATARRH RELIEF 150ML,Other / uncategorised,covonia catarrh relief 150ml
COVONIA CHESTY COUGH MENTHOLATED 150ML,Other / uncategorised,covonia chesty cough mentholated 150ml
COVONIA COUGH BRONCHIAL BALSAM 150MLS,Other / uncategorised,covonia cough bronchial balsam 150mls
COVONIA DRY TICKLY 150ML,OTC,covonia dry tickly 150ml
COVONIA MUCUS SYRUP 150ML,Prescription medicine,covonia mucus syrup 150ml
COVONIA THROAT SPRAY,OTC,covonia throat spray
COVONIA VAPOUR DROP 15ML,Other / uncategorised,covonia vapour drop 15ml
CREPE BANDAGE 2 INCH,Other / uncategorised,crepe bandage 2 inch
CREPE BANDAGE 2INCH (HIGH ELASTIC) 5CM,Other / uncategorised,crepe bandage 2inch (high elastic) 5cm
CREPE BANDAGE 3INCH (HIGH ELASTIC) 7.5CM X 4.5M,Prescription medicine,crepe bandage 3inch (high elastic) 7.5cm x 4.5m
CREPE BANDAGE 4 INCHES ALL TYPES,OTC,crepe bandage 4 inches all types
CREPE BANDAGE 4INCH (HIGH ELASTIC) 10CM X 4.5M,OTC,crepe bandage 4inch (high elastic) 10cm x 4.5m
CREPE BANDAGE 6 INCH (HIGH ELASTIC) 15CM X 4.5M,OTC,crepe bandage 6 inch (high elastic) 15cm x 4.5m
CRESTOR TABS 10MG 28'S,Pharmacy medicine,crestor tabs 10mg 28's
CRESTOR TABS 20MG 28'S,Pharmacy medicine,crestor tabs 20mg 28's
CRESTOR TABS 5MG 28'S,Pharmacy medicine,crestor tabs 5mg 28's
CROMAX 2 EYE DROP 10ML,Pharmacy medicine,cromax 2 eye drop 10ml
CROMAX 4 EYE DROP 10ML,Other / uncategorised,cromax 4 eye drop 10ml
CRYSTALLINE PENNICILLIN G 1MEGA INJ 50'S TROGE,Prescription medicine,crystalline pennicillin g 1mega inj 50's troge
CS MEDIC WAXED FLOSSPICKS MINT FLAVOUR 75'S,OTC,cs medic waxed flosspicks mint flavour 75's
CURALENE SOAP GLYCERINE NATURAL HONEY,Other / uncategorised,curalene soap glycerine natural honey
CUTICEL C 10CM*30CM 10'S,Pharmacy medicine,cuticel c 10cm*30cm 10's
CYFEN CYPROHEPTADINE SYRUP 200ML MGP,OTC,cyfen cyproheptadine syrup 200ml mgp
CYPRODINE CAPS 30'S,OTC,cyprodine caps 30's
CYPRODINE SYRUP 200ML,OTC,cyprodine syrup 200ml
CYSTONE TABS 100'S HIMALAYA,Other / uncategorised,cystone tabs 100's himalaya
DAFLON DIOSMINE 500MG TABS 30'S,Pharmacy medicine,daflon diosmine 500mg tabs 30's
DAKTACORT CREAM 20MG/10MG 15G,OTC,daktacort cream 20mg/10mg 15g
DAKTACORT HC-CREAM 15GM,Other / uncategorised,daktacort hc-cream 15gm
DAKTARIN AKTIV CREAM (MICONAZOLE NITRATE) 15G,OTC,daktarin aktiv cream (miconazole nitrate) 15g
DAKTARIN AKTIV CREAM 30MG,Other / uncategorised,daktarin aktiv cream 30mg
DAKTARIN AKTIV SPRAY POWDER,OTC,daktarin aktiv spray powder
DAKTARIN ORAL GEL (MICONAZOLE 40G),OTC,daktarin oral gel (miconazole 40g)
DAKTARIN POWDER,Other / uncategorised,daktarin powder
DAKTARIN TINCTURE 30ML,Other / uncategorised,daktarin tincture 30ml
DAKTARIN TOPICAL CREAM 15G,OTC,daktarin topical cream 15g
DALACIN C 1% GEL 30G,Pharmacy medicine,dalacin c 1% gel 30g
DALACIN T (CLINDAMYCIN) LOTION 30ML,Pharmacy medicine,dalacin t (clindamycin) lotion 30ml
DAONIL 5MG TAB 100'S,Pharmacy medicine,daonil 5mg tab 100's
DAONIL TAB 5MG 60'S,Prescription medicine,daonil tab 5mg 60's
DARAPRIM 25MG TAB 30'S,Prescription medicine,daraprim 25mg tab 30's
DAY & NIGHT NURSE CAP,Prescription medicine,day & night nurse cap
DAY NURSE CAPS,OTC,day nurse caps
DAY VIT ACTIVE TABS 30',OTC,day vit active tabs 30'
DAY VIT PROBIOTIC TABS 30'S H/AID,Other / uncategorised,day vit probiotic tabs 30's h/aid
DAYQUIL NYQUIL SEVERE CAPS 48'S,OTC,dayquil nyquil severe caps 48's
DAYQUIL SEVERE COLD &FLU SYR 354ML,OTC,dayquil severe cold &flu syr 354ml
DEBRIDACE OINTMENT 15G,Prescription medicine,debridace ointment 15g
DECATYLEN LOZENGES 20'S,OTC,decatylen lozenges 20's
DEEP FREEZE COLD SPRAY 72.5ML,OTC,deep freeze cold spray 72.5ml
DEEP FREEZE GEL 100G,OTC,deep freeze gel 100g
DEEP FREEZE GEL 35G,OTC,deep freeze gel 35g
DEEP HEAT RUB,OTC,deep heat rub
DEEP HEAT RUB 100G,OTC,deep heat rub 100g
DEEP HEAT RUB 35G,Pharmacy medicine,deep heat rub 35g
DEEP HEAT SPRAY,OTC,deep heat spray
DELORATIDINE ( DESLORA-DENK) 5MG TABS 10'S,Pharmacy medicine,deloratidine ( deslora-denk) 5mg tabs 10's
DELSYM COUGH SYR 148ML,Other / uncategorised,delsym cough syr 148ml
DEMACOT CREAM 15G (BETAMETHASONE CLOTRI GENTAMICIN),Pharmacy medicine,demacot cream 15g (betamethasone clotri gentamicin)
DENTAL FLOSS STICK ALL TYPES,OTC,dental floss stick all types
DERIVA GEL 0.1% (ADAPALENE GEL) 15G,OTC,deriva gel 0.1% (adapalene gel) 15g
DERMA V 10 HYDRATING CREAM 50ML,OTC,derma v 10 hydrating cream 50ml
DERMOFIX CREAM 20G (SERTACONAZOLE 20MG),Pharmacy medicine,dermofix cream 20g (sertaconazole 20mg)
DERMOVATE CREAM 30G,Prescription medicine,dermovate cream 30g
DERMOVATE SCALP APPL. 100ML,OTC,dermovate scalp appl. 100ml
DESLORATADINE 5MG TAB 30'S UK,Other / uncategorised,desloratadine 5mg tab 30's uk
DETTOL 125ML,Cosmetics,dettol 125ml
DETTOL 2 IN 1 ANTI BACTERIAL WIPES 15'S,OTC,dettol 2 in 1 anti bacterial wipes 15's
DETTOL ANTI-SEPTIC LIQUID 250ML,Other / uncategorised,dettol anti-septic liquid 250ml
DETTOL ANTI-SEPTIC LIQUID 500ML,Cosmetics,dettol anti-septic liquid 500ml
DETTOL ANTI-SEPTIC LIQUID 750ML UK,Cosmetics,dettol anti-septic liquid 750ml uk
DETTOL ANTIBAC SOAP BAR ORIG 100GM,Cosmetics,dettol antibac soap bar orig 100gm
DETTOL FLOOR WIPES CITRUS 10'S,Other / uncategorised,dettol floor wipes citrus 10's
DETTOL MULTI SURFACE WIPES 30' S,Other / uncategorised,dettol multi surface wipes 30' s
DETTOL ORI BAR SOAP TWIN 100G,Other / uncategorised,dettol ori bar soap twin 100g
DEXAMETHASONE 4MG TAB 100'S,Other / uncategorised,dexamethasone 4mg tab 100's
DEXAMETHASONE INJ 4MG/1ML,Prescription medicine,dexamethasone inj 4mg/1ml
DEXATROL EYE OINT,OTC,dexatrol eye oint
DEXATROL EYE/EAR DROPS 5ML,Prescription medicine,dexatrol eye/ear drops 5ml
DEXONE (DEXAMETHASONE) 0.5MG,Prescription medicine,dexone (dexamethasone) 0.5mg
DEXOPTIC N EYE DROP 10 ASHFORD,OTC,dexoptic n eye drop 10 ashford
DEXORANGE MULTIVITAMIN SYR 200ML,OTC,dexorange multivitamin syr 200ml
DEXTROSE 5% AND SODUIM CHLORIDE 0.9% (DNS) INFUSION 1000ML,Prescription medicine,dextrose 5% and soduim chloride 0.9% (dns) infusion 1000ml
DEXTROSE 5% GLUCOSE INFUSION 500ML,Prescription medicine,dextrose 5% glucose infusion 500ml
DIABETONE ORIG CAPS 30'S,Other / uncategorised,diabetone orig caps 30's
DIABETONE PLUS CAPS 56'S,Prescription medicine,diabetone plus caps 56's
DIAGELLATES 125ML,OTC,diagellates 125ml
DIAGELLATES 250ML,OTC,diagellates 250ml
DIAGELLATES 500ML,OTC,diagellates 500ml
DIAMICRON 30MG MR TAB 30',Prescription medicine,diamicron 30mg mr tab 30'
DIAMICRON 60MG 30'S,OTC,diamicron 60mg 30's
DIAMICRON 60MG 60'S,Other / uncategorised,diamicron 60mg 60's
DIAMICRON MR 30MG TAB 60'S,Prescription medicine,diamicron mr 30mg tab 60's
DIANE 2MG/35MCG TAB (SIPROTERON/ETINILESTRADIOL),Prescription medicine,diane 2mg/35mcg tab (siproteron/etinilestradiol)
DIAZEPAM INJ 10MG/2ML,Prescription medicine,diazepam inj 10mg/2ml
DIAZEPAM TAB 5MG 500'S ECL,Other / uncategorised,diazepam tab 5mg 500's ecl
DIAZEPAM TABS 10MG 500S ECL,Other / uncategorised,diazepam tabs 10mg 500s ecl
DICLO-DENK SUPP 100MG ( DICLOFENAC) 10'S,OTC,diclo-denk supp 100mg ( diclofenac) 10's
DICLO-DENK TAB 100MG RETARD,Prescription medicine,diclo-denk tab 100mg retard
DICLOFENAC (OLFEN) 1% GEL 20G,OTC,diclofenac (olfen) 1% gel 20g
DICLOFENAC (OLFEN) 1% GEL 50G,OTC,diclofenac (olfen) 1% gel 50g
DICLOFENAC INJ 75MG/3ML 10'S,Pharmacy medicine,diclofenac inj 75mg/3ml 10's
DICLOLEX 100MG SUPPOSITORY 10'S,OTC,diclolex 100mg suppository 10's
DICLOLEX POWER HEAT GEL 30G,Pharmacy medicine,diclolex power heat gel 30g
DICLOLEX SPRAY 100G,Other / uncategorised,diclolex spray 100g
DICLOLEX TAB 100MG LUEX,Pharmacy medicine,diclolex tab 100mg luex
DICNAC 100MG SUPP,OTC,dicnac 100mg supp
DIFFERIN ADAPALENE GEL 2*30G DOUBLE PACK,Prescription medicine,differin adapalene gel 2*30g double pack
DIFFLAM LOZENGES 3MG 20'S,Other / uncategorised,difflam lozenges 3mg 20's
DIFFLAM SORE THROAT RINSE 200MLS,OTC,difflam sore throat rinse 200mls
DIFFLAM SORE THROAT SPRAY,Pharmacy medicine,difflam sore throat spray
DIFLUCAN TAB (FLUCONAZOLE) 150MG,OTC,diflucan tab (fluconazole) 150mg
DIGITAL THERMOMETER UK,OTC,digital thermometer uk
DIGOXIN TAB 125MCG 28'S,Prescription medicine,digoxin tab 125mcg 28's
DIHYDROCODEINE 30MG TABS 100'S,Prescription medicine,dihydrocodeine 30mg tabs 100's
DILATREND 12.5MG TABS 30'S ( CARVIDELOL),Pharmacy medicine,dilatrend 12.5mg tabs 30's ( carvidelol)
DILATREND 25MG TABS 30'S ( CARVIDELOL),Pharmacy medicine,dilatrend 25mg tabs 30's ( carvidelol)
DILATREND 6.25MG TABS 30'S ( CARVIDELOL),Prescription medicine,dilatrend 6.25mg tabs 30's ( carvidelol)
DIORALYTE SACHETS ALL TYPES 6'S,Other / uncategorised,dioralyte sachets all types 6's
DIOVAN TABS 80MG 28'S,Prescription medicine,diovan tabs 80mg 28's
DIOVAN TANS 160MG 28'S,Pharmacy medicine,diovan tans 160mg 28's
DIPROSON CREAM 30G,Prescription medicine,diproson cream 30g
DIPROSON LOTION 30ML,Pharmacy medicine,diproson lotion 30ml
DISNEY PRINCESS BATH & SHOWER BUBBLES 400ML,Other / uncategorised,disney princess bath & shower bubbles 400ml
DISNEY PRINCESS T/BRUSH DUO,Other / uncategorised,disney princess t/brush duo
DITHRANOL JAR DANNEX,Other / uncategorised,dithranol jar dannex
DOLOFORTE DENK TAB 20'S,Prescription medicine,doloforte denk tab 20's
DOMI 10 DOMPERODONE SUPP 10MG 5'S BLISS GVS,OTC,domi 10 domperodone supp 10mg 5's bliss gvs
DOMI-30 (DOMPERIDONE) SUPP 5'S,OTC,domi-30 (domperidone) supp 5's
DOMINION HERBAL POWDER 80G,Other / uncategorised,dominion herbal powder 80g
DOMPERIDONE TABS 10MG 100'S,Pharmacy medicine,domperidone tabs 10mg 100's
DONEPEZIL 10MG TABS,Prescription medicine,donepezil 10mg tabs
DONEPEZIL 5MG TAB,Prescription medicine,donepezil 5mg tab
DOPATABS M 250 100'S (HOVID ),OTC,dopatabs m 250 100's (hovid )
DORETA TABS (37.5/325)MG 20'S,Pharmacy medicine,doreta tabs (37.5/325)mg 20's
DORMICUM TAB 15MG 10'S,Prescription medicine,dormicum tab 15mg 10's
DOVE A/P DEO ALL TYPES 200ML,Other / uncategorised,dove a/p deo all types 200ml
DOVE A/P DEO ALL TYPES 250ML,Other / uncategorised,dove a/p deo all types 250ml
DOVE ALL TYPES DEO SPRAY 150ML,Other / uncategorised,dove all types deo spray 150ml
DOVE BAR SOAP,Cosmetics,dove bar soap
DOVE BATH 750ML ALL TYPE,Cosmetics,dove bath 750ml all type
DOVE BODY LOTION 250MLS,Cosmetics,dove body lotion 250mls
DOVE BODY LOTION 400ML ALL TYPES,OTC,dove body lotion 400ml all types
DOVE BODY WASH 400ML ALL TYPES,Cosmetics,dove body wash 400ml all types
DOVE BODYWASH ALL TYPES 225 ML,Other / uncategorised,dove bodywash all types 225 ml
DOVE LIP CARE,OTC,dove lip care
DOVE MEN+ A/P CLASSIC 150ML,Other / uncategorised,dove men+ a/p classic 150ml
DOVE MEN+ CARE CREAM 75ML,Other / uncategorised,dove men+ care cream 75ml
DOVE MUSHROOM DEODORANT STICK 50ML,Other / uncategorised,dove mushroom deodorant stick 50ml
DOVE ROLL ON ALL TYPES,Cosmetics,dove roll on all types
DOVE SHOWER GEL 450ML ALL TYPES,Cosmetics,dove shower gel 450ml all types
DOVE STICK ALL TYPES 50ML,Other / uncategorised,dove stick all types 50ml
DOXAZOSIN 1MG 28'S,OTC,doxazosin 1mg 28's
DOXAZOSIN 2MG TEVA,Prescription medicine,doxazosin 2mg teva
DOXAZOXIN 4MG,Prescription medicine,doxazoxin 4mg
DOXYCYCLINE 100MG 50'S VEGA,Other / uncategorised,doxycycline 100mg 50's vega
DOXYCYCLINE 100MG CAPS 50'S UK,OTC,doxycycline 100mg caps 50's uk
DOXYCYCLINE ECL 100MG 200',OTC,doxycycline ecl 100mg 200'
DR SECRET BIO HERB COFFEE 6' (FOREVER YOUNG),Herbal,dr secret bio herb coffee 6' (forever young)
DR TEALS BODY WASH 710MLS,Cosmetics,dr teals body wash 710mls
DR TEALS PURE EPSOM SALT 1.36KG,OTC,dr teals pure epsom salt 1.36kg
DR. TEALS BODY LOTION 532ML,Cosmetics,dr. teals body lotion 532ml
DRAGON DELAY SPRAY 12ML RENIE,Pharmacy medicine,dragon delay spray 12ml renie
DRAGON LOZENGES 4'S,OTC,dragon lozenges 4's
DRAGON LUBE GEL 50ML ALL TYPES,OTC,dragon lube gel 50ml all types
DRAGON TADALAFIL TAB 20MG,Pharmacy medicine,dragon tadalafil tab 20mg
DREZ OINTMENT 10G,OTC,drez ointment 10g
DREZ OINTMENT 30G,OTC,drez ointment 30g
DREZ POWDER 10G,OTC,drez powder 10g
DREZ SOLUTION 100ML,OTC,drez solution 100ml
DREZ SOLUTION 30ML,OTC,drez solution 30ml
DREZ V GEL 30G,OTC,drez v gel 30g
DULCOEASE SOFT GEL CAPS 100MG 30'S,Other / uncategorised,dulcoease soft gel caps 100mg 30's
DULCOLAX 5MG TAB 20'S,OTC,dulcolax 5mg tab 20's
DULCOLAX 5MG TAB 8'S,Other / uncategorised,dulcolax 5mg tab 8's
DULCOLAX LIQUID UK 100ML,OTC,dulcolax liquid uk 100ml
DULCOLAX TWELVE PLUS 10MG (BISACODYL) 12'S SUPP,Pharmacy medicine,dulcolax twelve plus 10mg (bisacodyl) 12's supp
DULOXETINE GR CAPS 30MG 28'S,Other / uncategorised,duloxetine gr caps 30mg 28's
DUNCANS OF DEESIDE SCOTTISH SHORTBREAD,Other / uncategorised,duncans of deeside scottish shortbread
DUOTRAV EYE DROP 2.5ML,OTC,duotrav eye drop 2.5ml
DUPHALAC 667MG SUSP 200ML,OTC,duphalac 667mg susp 200ml
DUPHASTON 10MG,Prescription medicine,duphaston 10mg
DUREX ALL TYPES CONDOM 3',OTC,durex all types condom 3'
DUREX CONDOM 12'S,Other / uncategorised,durex condom 12's
DUREX CONDOM 6'S,Other / uncategorised,durex condom 6's
DUREX MASSAGE GEL 200G,OTC,durex massage gel 200g
DUREX PLAY GEL 100ML,Cosmetics,durex play gel 100ml
DUREX PLAY TUBE 50MLS,Pharmacy medicine,durex play tube 50mls
DUROL TONIC 200ML DANNEX,OTC,durol tonic 200ml dannex
DUROL TONIC 300ML,OTC,durol tonic 300ml
DUROL TONIC JUNIOR 200ML,OTC,durol tonic junior 200ml
DUROMINE 30MG CAPS,Prescription medicine,duromine 30mg caps
DYKLO SPRAY 60ML,Prescription medicine,dyklo spray 60ml
DYLON COLOR CATCHER 24'S,Other / uncategorised,dylon color catcher 24's
DYMISTA NASAL SPRAY SUSPENSION,Prescription medicine,dymista nasal spray suspension
DYMOL 50/500MG (DICLO/PARA),Pharmacy medicine,dymol 50/500mg (diclo/para)
DYNAMOGEN ORAL SOLUTION,OTC,dynamogen oral solution
DYNEWELL SYRUP 200ML,OTC,dynewell syrup 200ml
E PANOL SYR 120MG/5ML 100ML PLAIN/STRAWBERRY ALL TYPES,OTC,e panol syr 120mg/5ml 100ml plain/strawberry all types
E45 CREAM 125G,Cosmetics,e45 cream 125g
E45 CREAM DRY SKIN 50GM,Cosmetics,e45 cream dry skin 50gm
E45 CREAM PUMP 500ML,Other / uncategorised,e45 cream pump 500ml
E45 ECZEMA REPAIR CREAM 50ML,Other / uncategorised,e45 eczema repair cream 50ml
E45 ITCH RELIEF CREAM 100GM,Other / uncategorised,e45 itch relief cream 100gm
E45 LOTION 200ML,Other / uncategorised,e45 lotion 200ml
E45 RICH LOTION 400ML,Other / uncategorised,e45 rich lotion 400ml
EARNEST OINT,OTC,earnest oint
EASYLIFE CALCIUM 100MG + VIT D3 1000IU EFF,OTC,easylife calcium 100mg + vit d3 1000iu eff
EASYLIFE MULTI VITAMIN TABS EFF,Pharmacy medicine,easylife multi vitamin tabs eff
EASYLIFE VITAMIN C 1000MG +ZINC 10MG EFF TABS,Pharmacy medicine,easylife vitamin c 1000mg +zinc 10mg eff tabs
EASYLIFE VITAMIN C EFF 20'S,Other / uncategorised,easylife vitamin c eff 20's
EATFIT DAILY WELLNESS SUPPORT 600G,Other / uncategorised,eatfit daily wellness support 600g
EBONY CONDOMS,OTC,ebony condoms
EBONY PLUS CONDOMS ALL TYPES,OTC,ebony plus condoms all types
ECL TEETHING MIXTURE 100ML,OTC,ecl teething mixture 100ml
EFPAC JNR,OTC,efpac jnr
EFPAC TABS 25'S,Pharmacy medicine,efpac tabs 25's
EKUMFI JUICE,"Food, drinks & essentials",ekumfi juice
EKURO BEWU OINT,Other / uncategorised,ekuro bewu oint
ELASTOPLAST ESSENTIAL PLASTER MIX PACK,Other / uncategorised,elastoplast essential plaster mix pack
ELASTOPLAST WATER RESISTANT PLASTER 30'S,Other / uncategorised,elastoplast water resistant plaster 30's
ELIQUIS TAB 5MG,Prescription medicine,eliquis tab 5mg
ELOCOM OINTMENT 15G,OTC,elocom ointment 15g
ELOCON 0.1% CREAM 30G,Other / uncategorised,elocon 0.1% cream 30g
EMLA CREAM 5% 5G,Pharmacy medicine,emla cream 5% 5g
ENACEF SUSP 125MG/5ML (CEFUROXIME) 50ML,Prescription medicine,enacef susp 125mg/5ml (cefuroxime) 50ml
ENACEF TAB 500MG TAB 10'S,Prescription medicine,enacef tab 500mg tab 10's
ENAFEN (IBUPROFEN) SYRUP 100ML,Prescription medicine,enafen (ibuprofen) syrup 100ml
ENAFIX(CEFIXIME) SUSP 100GM /5ML 100ML,OTC,enafix(cefixime) susp 100gm /5ml 100ml
ENAMYCIN SUSP 125MG/5ML(ERYTHROMYCIN) 100ML,Prescription medicine,enamycin susp 125mg/5ml(erythromycin) 100ml
ENAMYCIN TAB 250MG 500'S,Other / uncategorised,enamycin tab 250mg 500's
ENAPHOX (CEFPODOXIME) TAB 200MG,Prescription medicine,enaphox (cefpodoxime) tab 200mg
ENAT VIT E 400IU CAPS 30'S,OTC,enat vit e 400iu caps 30's
ENCEPHABOL TAB PYRITINOL HCL 100'S,Prescription medicine,encephabol tab pyritinol hcl 100's
ENERVII FOLIC ACID SYR,Other / uncategorised,enervii folic acid syr
ENERVII VITAMIN C PLUS ZINC SYRUP,Other / uncategorised,enervii vitamin c plus zinc syrup
ENSURE ORIGINAL DRINK 237ML,"Food, drinks & essentials",ensure original drink 237ml
ENSURE PLUS 237MLS,"Food, drinks & essentials",ensure plus 237mls
ENTEROGERMINA VIAL 5ML AMP 10'S,Prescription medicine,enterogermina vial 5ml amp 10's
EPANUTIN SYR,Pharmacy medicine,epanutin syr
EPHEDRIN NASAL DROP 0.5% INFANT,OTC,ephedrin nasal drop 0.5% infant
EPHEDRIN NASAL DROP 1% ADULT,OTC,ephedrin nasal drop 1% adult
EPICIPRIN EYE OINTMENT,Other / uncategorised,epiciprin eye ointment
EPICROM EYE DROP 2%,Prescription medicine,epicrom eye drop 2%
EPICROM EYE DROP 4% 10ML,Prescription medicine,epicrom eye drop 4% 10ml
EPIDERM CREAM 15G,OTC,epiderm cream 15g
EPIDERM CREAM 30G (BETAMETHASONE),OTC,epiderm cream 30g (betamethasone)
EPIFENAC EYE DROP 5ML,Prescription medicine,epifenac eye drop 5ml
EPISOPT EYE DROP 5ML,Prescription medicine,episopt eye drop 5ml
EPLERENONE TAB 25MG 28',Prescription medicine,eplerenone tab 25mg 28'
EQUATE BABY SUNSCREEN SPF 50,Other / uncategorised,equate baby sunscreen spf 50
EQUATE SPORT SUNSCREEN SPF 50,Other / uncategorised,equate sport sunscreen spf 50
ESCITALOPRAM 10MG TABS 28'S,Prescription medicine,escitalopram 10mg tabs 28's
ESCITALOPRAM 20MG TABS 28'S,Other / uncategorised,escitalopram 20mg tabs 28's
ESIDREX 25MG TAB 20'S (HYDROCHLORTHAZIDE),OTC,esidrex 25mg tab 20's (hydrochlorthazide)
ESKADOL NYTE TABS,Other / uncategorised,eskadol nyte tabs
ESOMEPRAZOLE 20MG 28S,Other / uncategorised,esomeprazole 20mg 28s
ESOMEPRAZOLE TAB 40MG VEGA 28'S,Other / uncategorised,esomeprazole tab 40mg vega 28's
ESSENTIAL ODOURLESS GARLIC 200MG,Prescription medicine,essential odourless garlic 200mg
EUCERIN DRY SKIN RELIEF CREAM 75ML,Other / uncategorised,eucerin dry skin relief cream 75ml
EUMOVATE CREAM 30G,OTC,eumovate cream 30g
EUMOVATE OINTMENT 30G,Prescription medicine,eumovate ointment 30g
EURAX CREAM 100GM,OTC,eurax cream 100gm
EURAX CREAM 30GM,OTC,eurax cream 30gm
EURAX HC CREAM 15G,Pharmacy medicine,eurax hc cream 15g
"EUSOL LOTION 150MLS ( BORIC ACID, CHLORINATED LIME)",Pharmacy medicine,"eusol lotion 150mls ( boric acid, chlorinated lime)"
EUTHYMOL MOUTH WASH 500MLS,OTC,euthymol mouth wash 500mls
EUTHYMOL ORI T/PASTE 75ML,Cosmetics,euthymol ori t/paste 75ml
EVANOVA CAPS,OTC,evanova caps
EVECARE CAPS 30'S HIMALAYA,Prescription medicine,evecare caps 30's himalaya
EVECARE SYRUP HIMALAYA 200ML,OTC,evecare syrup himalaya 200ml
EXAMINATION GLOVES 100'S,OTC,examination gloves 100's
EXCLOFEN EYE DROP 1% 10ML,OTC,exclofen eye drop 1% 10ml
EXETOMOL 0.5% EYE DROP,Prescription medicine,exetomol 0.5% eye drop
EXFORGE HCT ( 10/160/12.5)MG 28'S NOVARTIS,Pharmacy medicine,exforge hct ( 10/160/12.5)mg 28's novartis
EXFORGE HCT ( 10/160/25)MG 28'S NOVARTIS,Prescription medicine,exforge hct ( 10/160/25)mg 28's novartis
EXFORGE HCT ( 10/320/25)MG 28'S,Prescription medicine,exforge hct ( 10/320/25)mg 28's
EXFORGE HCT ( 5/160/12.5)MG 28'S,Pharmacy medicine,exforge hct ( 5/160/12.5)mg 28's
EXFORGE HCT ( 5/160/25)MG 28'S,Prescription medicine,exforge hct ( 5/160/25)mg 28's
EXFORGE TAB ( 5/160MG) 28'S,Prescription medicine,exforge tab ( 5/160mg) 28's
EXFORGE TAB (10/160) 28'S NOVARTIS,Pharmacy medicine,exforge tab (10/160) 28's novartis
EXOCIN EYE DROPS (OFLOXACIN) 3MG/ML,Prescription medicine,exocin eye drops (ofloxacin) 3mg/ml
EXTRA GUM,Other / uncategorised,extra gum
EXTRA GUM BOTTLE,OTC,extra gum bottle
EXTRAFLEX GLUCOSAMINE WITH CHONDROITIN,Other / uncategorised,extraflex glucosamine with chondroitin
EXTRAMMUNE SYRUP 200ML,OTC,extrammune syrup 200ml
EXTRAMMUNE TABS,OTC,extrammune tabs
EYECOPEN CAPS 30'S,OTC,eyecopen caps 30's
EZETIMIBE 10MG 28S,Prescription medicine,ezetimibe 10mg 28s
EZIPEN TABS 30'S,Pharmacy medicine,ezipen tabs 30's
FANTA CAN 330ML,Other / uncategorised,fanta can 330ml
FASTAID ADHESIVE DRESS,Other / uncategorised,fastaid adhesive dress
FASTUM GEL 20G,Other / uncategorised,fastum gel 20g
FASTUM GEL 50G,OTC,fastum gel 50g
FEBUDAY FEBUXOSTAT 40MG TABS 30'S,Prescription medicine,febuday febuxostat 40mg tabs 30's
FEBUDAY FEBUXOSTAT 80MG TAB 30'S,OTC,febuday febuxostat 80mg tab 30's
FEBUXOSTAT 120MG TAB 28'S,OTC,febuxostat 120mg tab 28's
FEBUXOSTAT 80MG 28'S UK,OTC,febuxostat 80mg 28's uk
FELDENE PIROXICAM 20MG TABS 10'S,Prescription medicine,feldene piroxicam 20mg tabs 10's
FEMFRESH ACTIVE WASH 250ML,OTC,femfresh active wash 250ml
FEMFRESH DAILY FEMININE WASH 150ML,OTC,femfresh daily feminine wash 150ml
FEMFRESH DAILY WASH 250ML,OTC,femfresh daily wash 250ml
FEMFRESH DEO SPRAY 125ML,Cosmetics,femfresh deo spray 125ml
FEMFRESH FRESHNESS DEO TRAVEL 50ML,OTC,femfresh freshness deo travel 50ml
FEMFRESH INTIMATE WASH 250ML,OTC,femfresh intimate wash 250ml
FEMFRESH PURE & FRESH FEMININE WASH 150ML,OTC,femfresh pure & fresh feminine wash 150ml
FEMFRESH SENSITIVE WASH 0%,OTC,femfresh sensitive wash 0%
FEMFRESH SOOTHING WASH 250ML,OTC,femfresh soothing wash 250ml
FEMFRESH ULTIMATE CARE 250ML ACTIVE WASH,Cosmetics,femfresh ultimate care 250ml active wash
FEMINAX EXPRESS 16'S,Other / uncategorised,feminax express 16's
FEMISTAR,OTC,femistar
FEROGLOBIN BABY DROP,Pharmacy medicine,feroglobin baby drop
FEROGLOBIN CAPS 30'S,OTC,feroglobin caps 30's
FEROGLOBIN LIQUID 500ML,Pharmacy medicine,feroglobin liquid 500ml
FEROGLOBIN LIQUID PLUS,OTC,feroglobin liquid plus
FEROGLOBIN SYR 200MLS,OTC,feroglobin syr 200mls
FERRODEX BLOOD BUILDER SYR 200ML,Other / uncategorised,ferrodex blood builder syr 200ml
FERROUS FUMARATE (GALFER) 100'S,OTC,ferrous fumarate (galfer) 100's
FERROUS FUMARATE 322MG,OTC,ferrous fumarate 322mg
FERROUS GLUCONATE 300MG 28'S,OTC,ferrous gluconate 300mg 28's
FERROUS SULPHATE ECL 500',OTC,ferrous sulphate ecl 500'
FERROUS SULPHATE UK 200MG TAB 28'S,Pharmacy medicine,ferrous sulphate uk 200mg tab 28's
FERROVITA SYR,OTC,ferrovita syr
FERTILO FORTE DENK SACHET 30'S,OTC,fertilo forte denk sachet 30's
FERTILO LADY DENK,Other / uncategorised,fertilo lady denk
FERTILOVIT F 35PLUS,Other / uncategorised,fertilovit f 35plus
FERTILOVIT F 90S,OTC,fertilovit f 90s
FERTILOVIT M+,OTC,fertilovit m+
FIESTA CONDOMS 3'S,OTC,fiesta condoms 3's
FIESTA LUBE STRAWBERRY 40ML,OTC,fiesta lube strawberry 40ml
FINASTERIDE 1MG TAB,Prescription medicine,finasteride 1mg tab
FINASTERIDE 5MG TABS 28'S UK,Prescription medicine,finasteride 5mg tabs 28's uk
FIRST AID BOX,OTC,first aid box
FIRST AID TRAVEL KITS,Other / uncategorised,first aid travel kits
FISHERMANS FRIEND ALL TYPE 24'S,OTC,fishermans friend all type 24's
FLAGYL METRONIDAZOLE 400MG TABS 14'S,Pharmacy medicine,flagyl metronidazole 400mg tabs 14's
FLAGYL SUSP 120ML,Other / uncategorised,flagyl susp 120ml
FLAGYL SUSP 200MG/5ML (METRONIDAZOLE) 100ML,Prescription medicine,flagyl susp 200mg/5ml (metronidazole) 100ml
FLAREX 0.1% EYE DROP,OTC,flarex 0.1% eye drop
FLAVOUR CONDOMS,Other / uncategorised,flavour condoms
FLEMEX ADULT SYR 5%,Pharmacy medicine,flemex adult syr 5%
FLMED SYRINGE WITH NEEDLE 10ML 100'S,Other / uncategorised,flmed syringe with needle 10ml 100's
FLOMAXTRA XL 400MG ( TAMSULOSIN ),Prescription medicine,flomaxtra xl 400mg ( tamsulosin )
FLONASE ALLERGY SPRAY ADULT,OTC,flonase allergy spray adult
FLORADIX IRON TABS 84'S,Other / uncategorised,floradix iron tabs 84's
FLORADIX KIDS 250ML,OTC,floradix kids 250ml
FLORADIX MAGNESIUM 250ML,OTC,floradix magnesium 250ml
FLORADIX SUSP 250ML,Pharmacy medicine,floradix susp 250ml
FLORADIX SUSP 500ML,Pharmacy medicine,floradix susp 500ml
FLOTAC CAPS 75MG 20'S,Pharmacy medicine,flotac caps 75mg 20's
FLUCLOXACILLIN 500MG VEGA,Pharmacy medicine,flucloxacillin 500mg vega
FLUCLOXACILLIN CAPS 250MG,Other / uncategorised,flucloxacillin caps 250mg
FLUCLOXACILLIN CAPS 500MG 28'S UK,OTC,flucloxacillin caps 500mg 28's uk
FLUCLOXACILLIN ORAL SOLUTION 125MG/5ML 100ML VEGA,OTC,flucloxacillin oral solution 125mg/5ml 100ml vega
FLUCONA DENK 100MG CAPS,Prescription medicine,flucona denk 100mg caps
FLUCONA-DENK 150MG (FLUCONAZOLE),Prescription medicine,flucona-denk 150mg (fluconazole)
FLUCONAZOLE 150MG TABS TEVA,Pharmacy medicine,fluconazole 150mg tabs teva
FLUCONAZOLE 150MG VEGA,Other / uncategorised,fluconazole 150mg vega
FLUCONAZOLE 50MG CAP 7'S UK,Other / uncategorised,fluconazole 50mg cap 7's uk
FLUCONAZOLE 50MG TAB,OTC,fluconazole 50mg tab
FLUCOR DAY CAPS 8'S HOVID,OTC,flucor day caps 8's hovid
FLUCOR DAY GEL,Other / uncategorised,flucor day gel
FLUCOR NIGHT CAPS 8'S,Other / uncategorised,flucor night caps 8's
FLUOXETINE 20MG TABS 30'S UK,Prescription medicine,fluoxetine 20mg tabs 30's uk
FLUOXETINE 40MG 30'S,Other / uncategorised,fluoxetine 40mg 30's
FLUREST TABS 10'S,OTC,flurest tabs 10's
FLUXACIN (F'CLOX) SUSP 100ML,OTC,fluxacin (f'clox) susp 100ml
FLUXACIN CAPS 250MG ECL,Prescription medicine,fluxacin caps 250mg ecl
FLUXACIN CAPS 500MG (ALU ALU) 200S,Prescription medicine,fluxacin caps 500mg (alu alu) 200s
FLUXACIN CAPS 500MG ECL 200'S,Other / uncategorised,fluxacin caps 500mg ecl 200's
FLUXAMOX CAPSULES 500MG 200'S,Prescription medicine,fluxamox capsules 500mg 200's
FLUXAMOX SUSP 250MG/5ML 100ML,Prescription medicine,fluxamox susp 250mg/5ml 100ml
FML-NEO LIQUIFILM EYE DROP 5ML ALLERGAN,OTC,fml-neo liquifilm eye drop 5ml allergan
FOLIC ACID 5MG TAB UK,OTC,folic acid 5mg tab uk
FOLIC ACID SYR,Pharmacy medicine,folic acid syr
FOLIC ACID TAB 500'S BLISTER,OTC,folic acid tab 500's blister
FOLIC TAB 5MG VEGA,OTC,folic tab 5mg vega
FOLIGROW CAPS 30'S,OTC,foligrow caps 30's
FOLIGROW JNR. SYR,OTC,foligrow jnr. syr
FOLIGROW PLUS SYR,Pharmacy medicine,foligrow plus syr
FOLIGROW TONIC 200ML,OTC,foligrow tonic 200ml
FORXIGA 5MG TABS 28'S,Prescription medicine,forxiga 5mg tabs 28's
FORXIGA TAB 28'S 10MG,Pharmacy medicine,forxiga tab 28's 10mg
FOSFOMYCIN TROMETAMOL(FOSMOL) 3000MG,Prescription medicine,fosfomycin trometamol(fosmol) 3000mg
FOX CHOCOLATEY COOKIES ALL TYPES,Other / uncategorised,fox chocolatey cookies all types
FREE FLEX CAPS,OTC,free flex caps
FUCIBET CREAM 30G,Pharmacy medicine,fucibet cream 30g
FUCICORT CREAM 15G TUBE 1MG/1G,Other / uncategorised,fucicort cream 15g tube 1mg/1g
FUCIDIN CREAM 2% 30G,OTC,fucidin cream 2% 30g
FUN TIME LUBRICANT ALL TYPE,OTC,fun time lubricant all type
FUNBACT A 15GM CREAM,Other / uncategorised,funbact a 15gm cream
FUNBACT TRIPPLE ACTION CREAM 30GM,Other / uncategorised,funbact tripple action cream 30gm
FUROSEMIDE 20MG TAB,Prescription medicine,furosemide 20mg tab
FUROSEMIDE 40MG 28'S UK,Pharmacy medicine,furosemide 40mg 28's uk
FUROSEMIDE INJ 20MG/2ML,Prescription medicine,furosemide inj 20mg/2ml
FUROSEMIDE TAB 40MG 500'S ECL,Prescription medicine,furosemide tab 40mg 500's ecl
FYBOGEL SACHET 10'S ISPAGHULA HUSK,OTC,fybogel sachet 10's ispaghula husk
GABAPENTIN 300MG CAPS 50,"Food, drinks & essentials",gabapentin 300mg caps 50
GABAPENTIN CAPS 300MG 30'S VEGA UK,Other / uncategorised,gabapentin caps 300mg 30's vega uk
GACET 125MG SUPP,Other / uncategorised,gacet 125mg supp
GALPHARM BLOCKED NOSE CAPS 12'S,Other / uncategorised,galpharm blocked nose caps 12's
GALPHARM BLOCKED NOSE SPRAY,Other / uncategorised,galpharm blocked nose spray
GALPHARM FLU MAX ALL IN ONE CHESTY 16S,OTC,galpharm flu max all in one chesty 16s
GALPHARM HAYFEVER ALLERGY CAPS 16'S,OTC,galpharm hayfever allergy caps 16's
GALPHARM MAX STRENGTH COLD & FLU,Other / uncategorised,galpharm max strength cold & flu
GALVUS MET (50/1000)TABS 60'S,Pharmacy medicine,galvus met (50/1000)tabs 60's
GALVUS MET (50/500)MG TABS 60'S,Pharmacy medicine,galvus met (50/500)mg tabs 60's
GALVUS TAB 50MG 56',Prescription medicine,galvus tab 50mg 56'
GALVUS TABS 50MG 28'S,Pharmacy medicine,galvus tabs 50mg 28's
GAMALATE B6 80ML SYRUP,Other / uncategorised,gamalate b6 80ml syrup
GANA BALM B/S,OTC,gana balm b/s
GANA BALM S/S,OTC,gana balm s/s
GANA MAN CAPS,OTC,gana man caps
GANFORT (OOGDRUPPELS) EYE DROPS 3ML,Pharmacy medicine,ganfort (oogdruppels) eye drops 3ml
GARNIER MAKE UP REMOVER SIMPLY ESSENTIALS 2 IN 1,Cosmetics,garnier make up remover simply essentials 2 in 1
GASTRACID SUSP 200ML,OTC,gastracid susp 200ml
GASTRONE PLUS SUSP 200ML ECL,OTC,gastrone plus susp 200ml ecl
GASTRONE SUSP 200ML ECL,OTC,gastrone susp 200ml ecl
GASTRONE TABS 100'S,Other / uncategorised,gastrone tabs 100's
GAUZE BANDAGE 10 INCH,OTC,gauze bandage 10 inch
GAUZE BANDAGE 3 INCH,OTC,gauze bandage 3 inch
GAUZE BANDAGE 4 INCH,OTC,gauze bandage 4 inch
GAUZE BANDAGE 6 INCH,OTC,gauze bandage 6 inch
GAVISCON ADVANCE LIQ ANISEED ORIG 300ML,OTC,gaviscon advance liq aniseed orig 300ml
GAVISCON ADVANCE PEPPERMINT TABS 48'S,Other / uncategorised,gaviscon advance peppermint tabs 48's
GAVISCON DOUBLE ACTION 24S,OTC,gaviscon double action 24s
GAVISCON DOUBLE ACTION 600ML,Other / uncategorised,gaviscon double action 600ml
GAVISCON DOUBLE ACTION TAB 12'S,Pharmacy medicine,gaviscon double action tab 12's
GAVISCON LIQUID PEPPERMINT 300ML,OTC,gaviscon liquid peppermint 300ml
GAVISCON LIQUID PEPPERMINT 600ML,OTC,gaviscon liquid peppermint 600ml
GAVISCON ORIGINAL ANISEED LIQUID 200ML,Pharmacy medicine,gaviscon original aniseed liquid 200ml
GAVISCON SUSP ALL TYPES 150ML,OTC,gaviscon susp all types 150ml
GAVISCON TABS ORIG. PEPPERMINT 12'S,Pharmacy medicine,gaviscon tabs orig. peppermint 12's
GEBEDOL FORTE,OTC,gebedol forte
GEBEDOL PLUS TAB,Pharmacy medicine,gebedol plus tab
"GEBEDOL TAB 10'S (DILCOFENAC 50MG, PARACETAMOL 500MG)",Pharmacy medicine,"gebedol tab 10's (dilcofenac 50mg, paracetamol 500mg)"
"GEBEDOL XTRA TAB (IBUPROFEN 400MG, PARACETAMOL500MG AND CAFFEINE30MG)",Pharmacy medicine,"gebedol xtra tab (ibuprofen 400mg, paracetamol500mg and caffeine30mg)"
GENTAMYCIN EYE/EAR DROP 0.3%,OTC,gentamycin eye/ear drop 0.3%
GENTAMYCIN INJ 80MG/2ML TROGE,Prescription medicine,gentamycin inj 80mg/2ml troge
GENTIAN VOILET (GV PAINT),Other / uncategorised,gentian voilet (gv paint)
GIFAS MIXTURE,Pharmacy medicine,gifas mixture
GILLETE MACH 3 BLADE,Other / uncategorised,gillete mach 3 blade
GILLETTE BLUE II RAZOR 6'S,Other / uncategorised,gillette blue ii razor 6's
GILLETTE DEO STICK 70ML,Cosmetics,gillette deo stick 70ml
GILLETTE FUSION 5 SENSITIVE SHAVE 200ML,OTC,gillette fusion 5 sensitive shave 200ml
GILLETTE FUSION ULTRA SENSTIVE GEL 75ML,Other / uncategorised,gillette fusion ultra senstive gel 75ml
GILLETTE II RAZOR 5'S,Other / uncategorised,gillette ii razor 5's
GILLETTE MACH 3 RAZOR 4'S,Other / uncategorised,gillette mach 3 razor 4's
GILLETTE RAZOR WOMEN 3'S,OTC,gillette razor women 3's
GILLETTE SERIES SHAVE GEL ALL TYPES 200ML,OTC,gillette series shave gel all types 200ml
GILLETTE SHAVE FOAM REGULAR 200ML,Other / uncategorised,gillette shave foam regular 200ml
GILLETTE SIMPLES VENUS RAZOR 2 4'S,Other / uncategorised,gillette simples venus razor 2 4's
GILOBA SOFT GEL CAPS 30'S,OTC,giloba soft gel caps 30's
GINSOMIN SOFT EVE CAPS 30'S,Pharmacy medicine,ginsomin soft eve caps 30's
GINSOMIN TAB 30,OTC,ginsomin tab 30
GIVERS KOO CAPSULES,Prescription medicine,givers koo capsules
GIVERS POWERS CAPS,OTC,givers powers caps
GLIBENCLAMIDE (CLAMIDE) 5MG TABS 100'S HOVID,OTC,glibenclamide (clamide) 5mg tabs 100's hovid
GLIBENCLAMIDE(CLAMIDE) 5MG 100'S,Other / uncategorised,glibenclamide(clamide) 5mg 100's
GLICLAZIDE 160MG 28'S,OTC,gliclazide 160mg 28's
GLICLAZIDE 80MG TABS,OTC,gliclazide 80mg tabs
GLICLAZIDE 80MG TABS UK 28'S,Pharmacy medicine,gliclazide 80mg tabs uk 28's
GLIMEPERIDE 1MG TABS 30'S TEVA,Prescription medicine,glimeperide 1mg tabs 30's teva
GLIMEPERIDE 3MG TABS 30'S UK,OTC,glimeperide 3mg tabs 30's uk
GLIMEPERIDE 4MG TABS 100'S ECL,Pharmacy medicine,glimeperide 4mg tabs 100's ecl
GLIMEPERIDE 4MG TEVA,OTC,glimeperide 4mg teva
GLIMEPERIDE TAB 2MG 28 UK,Prescription medicine,glimeperide tab 2mg 28 uk
GLIMEPERIDE TABS 4MG 28'S VEGA,Prescription medicine,glimeperide tabs 4mg 28's vega
GLIMEPIRIDE (AMARYL) 2MG TABS 30'S,Pharmacy medicine,glimepiride (amaryl) 2mg tabs 30's
GLIMEPIRIDE (AMARYL) 4MG TABS 30'S,Pharmacy medicine,glimepiride (amaryl) 4mg tabs 30's
GLIMEPIRIDE 4MG TAB 30'S,OTC,glimepiride 4mg tab 30's
GLIMEPIRIDE DENK 2MG TABS 30'S,Pharmacy medicine,glimepiride denk 2mg tabs 30's
GLIMEPIRIDE DENK 3MG TABS 30'S,Prescription medicine,glimepiride denk 3mg tabs 30's
GLIMEPRIDE (AMARYL) 1MG TAB 30',Prescription medicine,glimepride (amaryl) 1mg tab 30'
GLIMEPRIDE TAB 2MG TAB VEGA,OTC,glimepride tab 2mg tab vega
GLUCOPHAGE 1000MG TABS 30'S,Prescription medicine,glucophage 1000mg tabs 30's
GLUCOPHAGE 500 TABS 84',Prescription medicine,glucophage 500 tabs 84'
GLUCOPHAGE 500MG TABS 30'S,Pharmacy medicine,glucophage 500mg tabs 30's
GLUCOPHAGE 850MG TABS 30'S,Prescription medicine,glucophage 850mg tabs 30's
GLUCOPHAGE XR 1000MG TAB 30'S,Pharmacy medicine,glucophage xr 1000mg tab 30's
GLUCOSE (SUGAR) RAPID TEST (ACCUCHECK),Other / uncategorised,glucose (sugar) rapid test (accucheck)
GLUCOSE POWDER C ECL,Other / uncategorised,glucose powder c ecl
GLUCOSE POWDER PLAIN ECL,Other / uncategorised,glucose powder plain ecl
GLUCOVANCE 1000/5MG 30'S,Pharmacy medicine,glucovance 1000/5mg 30's
GLUCOVANCE 500/2.5MG TABS,Pharmacy medicine,glucovance 500/2.5mg tabs
GLUCOVANCE 500/5MG TABS 30'S,Prescription medicine,glucovance 500/5mg tabs 30's
GLYCERIN 2G SUPP CARE (PAED),OTC,glycerin 2g supp care (paed)
GLYCERINE TRINITRATE TAB,OTC,glycerine trinitrate tab
GLYCEROL SUPP 2MG CHILD 12'S,Other / uncategorised,glycerol supp 2mg child 12's
GLYCEROL SUPP 4G 12'S ADULT,OTC,glycerol supp 4g 12's adult
GLYDEX 160MG 28'S,Other / uncategorised,glydex 160mg 28's
GOLI APPLE CIDER 60'S GUMMIES,Other / uncategorised,goli apple cider 60's gummies
GOLI ASHWAGANDHA GUMMIES,Other / uncategorised,goli ashwagandha gummies
GRISEOFULVIN (GRISON) SUSP 100ML UK,Prescription medicine,griseofulvin (grison) susp 100ml uk
GRISEOFULVIN TAB 500MG 14'S VEGA,Prescription medicine,griseofulvin tab 500mg 14's vega
GUDAPET SYRUP,Pharmacy medicine,gudapet syrup
GULLON SUGAR FREE BISCUIT,Other / uncategorised,gullon sugar free biscuit
GURU MOUTHWASH,Other / uncategorised,guru mouthwash
GYNICARE SYR,Pharmacy medicine,gynicare syr
GYNO MYCOLEX PESS 3'S,Pharmacy medicine,gyno mycolex pess 3's
GYNO-DAKTARIN CREAM 40G (MICONAZOLE),OTC,gyno-daktarin cream 40g (miconazole)
H/A PROSTAVITAL CAPS 30'S,Pharmacy medicine,h/a prostavital caps 30's
H/AID EVENING PRIMROSE 1000MG,Other / uncategorised,h/aid evening primrose 1000mg
H/AID EVENING PRIMROSE 500MG CAP,OTC,h/aid evening primrose 500mg cap
H/AID OMEGA 3 750MG CAPS 30'S,Other / uncategorised,h/aid omega 3 750mg caps 30's
H/AID VIT E 1000 IU 30',Other / uncategorised,h/aid vit e 1000 iu 30'
H/AID VIT E 400IU 268MG CAPS 30'S,OTC,h/aid vit e 400iu 268mg caps 30's
HAEMOGLOBIN 200ML SYRUP ( LETAP),Prescription medicine,haemoglobin 200ml syrup ( letap)
HAEMOGLOBIN SYR AYRTON,Other / uncategorised,haemoglobin syr ayrton
HAEMUP INJECTION,Other / uncategorised,haemup injection
HAIR SKIN & NAIL (NATURE BOUNTY) COLLAGEN & BIOTIN 90'S,OTC,hair skin & nail (nature bounty) collagen & biotin 90's
HAIR SKIN & NAIL (NATURE BOUNTY) WITH BIOTIN 2500MCG 80'S,OTC,hair skin & nail (nature bounty) with biotin 2500mcg 80's
HAIR SKIN & NAIL (NATURE BOUNTY) WITH BIOTIN 6000MCG ADVANCED 230'S,OTC,hair skin & nail (nature bounty) with biotin 6000mcg advanced 230's
HALIBORANGE (BRAIN SUPPORT) OMEGA 3 CHEWY CAPS,Other / uncategorised,haliborange (brain support) omega 3 chewy caps
HALIBORANGE BABY DROP,Pharmacy medicine,haliborange baby drop
HALIBORANGE BRAIN SYR 300ML,Other / uncategorised,haliborange brain syr 300ml
HALIBORANGE CAL & VIT D SOFTIES 3-12YRS,OTC,haliborange cal & vit d softies 3-12yrs
HALIBORANGE MULTIVITAMIN TODDLER 250ML,OTC,haliborange multivitamin toddler 250ml
HALIBORANGE OMEGA 3 ORANGE SYR 300ML,OTC,haliborange omega 3 orange syr 300ml
HALIBORANGE VIT C EFF ALL TYPES,OTC,haliborange vit c eff all types
HALIBORANGE VIT C EFF ORANGE 20'S,OTC,haliborange vit c eff orange 20's
HALLS MENTHOL EXTRA STRONG,Pharmacy medicine,halls menthol extra strong
HALLS SOOTHERS CHERRY,Pharmacy medicine,halls soothers cherry
HAND SANITIZER 500ML,OTC,hand sanitizer 500ml
HAPENZ NATURAL APPETTITE SYR 200ML,OTC,hapenz natural appettite syr 200ml
HARPIC TOILET BLEACH ALL TYPES 750MLS,OTC,harpic toilet bleach all types 750mls
HBSAG RAPID TEST,Other / uncategorised,hbsag rapid test
HEALTH POINT CHLORHEXIDINE M/W 400ML,Pharmacy medicine,health point chlorhexidine m/w 400ml
HEALTH POINT HEAT SPRAY,OTC,health point heat spray
HEALTH POINT VERRUCA & WART PATCHES,Other / uncategorised,health point verruca & wart patches
HEALTHPOINT COOLING FREEZE SPRAY 125ML,Other / uncategorised,healthpoint cooling freeze spray 125ml
HEALTHPOINT NASAL INHALER TWIN,Other / uncategorised,healthpoint nasal inhaler twin
HEALTHPOINT VAPOUR RUB 100G,Other / uncategorised,healthpoint vapour rub 100g
HEAMOSOFT CAPS,Other / uncategorised,heamosoft caps
HEATAID HEAT PADS 2'S,OTC,heataid heat pads 2's
HEMOGLOBIN RAPID TEST STRIP,Other / uncategorised,hemoglobin rapid test strip
HEMORRHOIDAL OINTMENT,Pharmacy medicine,hemorrhoidal ointment
HEMOSOFT SOFTGEL CAPS,OTC,hemosoft softgel caps
HEPATITIS B ADULT VACCINE,OTC,hepatitis b adult vaccine
HEPATITIS B IMMUNOGLOBULIN 100 I.U/0.5ML,Prescription medicine,hepatitis b immunoglobulin 100 i.u/0.5ml
HEPATITIS B VACCINE 0.5ML (RDNA PAEDIATRIC),Prescription medicine,hepatitis b vaccine 0.5ml (rdna paediatric)
HEPTOPEP FORTE 200MLS,Pharmacy medicine,heptopep forte 200mls
HERBAL SLIMMING TEA (ALL TYPES),OTC,herbal slimming tea (all types)
HILDERM-CH CREAM 30G (SILVERSULFADIAZINE+ CHITOSAN),OTC,hilderm-ch cream 30g (silversulfadiazine+ chitosan)
HILLTOP ORIGINAL BLOSSOM HONEY 340G,Other / uncategorised,hilltop original blossom honey 340g
HILLTOP ORIGINAL BLOSSOM HONEY 720G,Other / uncategorised,hilltop original blossom honey 720g
HILLTOP ORIGINAL BLOSSOM HONEY 900G,Other / uncategorised,hilltop original blossom honey 900g
HISTAZINE SYR 60ML,OTC,histazine syr 60ml
HISTERGAN CREAM 25G,OTC,histergan cream 25g
HIV SELF TEST KIT,OTC,hiv self test kit
HOMECARE CAUSTIC 375KG,Other / uncategorised,homecare caustic 375kg
HOT WATER BOTTLE COVERED 2L,OTC,hot water bottle covered 2l
HOT WATER BOTTLE PLAIN,OTC,hot water bottle plain
HP SPECTACLE & LENS CLEANER WIPES 50'S,Cosmetics,hp spectacle & lens cleaner wipes 50's
HUGGIES WIPES,Cosmetics,huggies wipes
HYDRALAZINE 50MG ACCORD 56'S,Other / uncategorised,hydralazine 50mg accord 56's
HYDREA 500MG 100'S CAPS,Pharmacy medicine,hydrea 500mg 100's caps
HYDROCORTISONE 10MG TABS 30'S,Other / uncategorised,hydrocortisone 10mg tabs 30's
HYDROCORTISONE CREAM 1% 15G,Pharmacy medicine,hydrocortisone cream 1% 15g
HYDROCORTISONE CREAM 1% 30G SOVEREIGN,OTC,hydrocortisone cream 1% 30g sovereign
HYDROCORTISONE CREAM 1% 30G VEGA,Other / uncategorised,hydrocortisone cream 1% 30g vega
HYDROCORTISONE INJ 100MG,Prescription medicine,hydrocortisone inj 100mg
HYDROGEN PEROXIDE 200ML ECL,OTC,hydrogen peroxide 200ml ecl
HYDROGEN PEROXIDE BELLS 200ML,OTC,hydrogen peroxide bells 200ml
HYDROLYTE ALL TYPES (ORS) 25'S,OTC,hydrolyte all types (ors) 25's
HYLO NIGHT EYE OINTMENT,Other / uncategorised,hylo night eye ointment
HYOSCINE BUTYL INJ 10'S,Prescription medicine,hyoscine butyl inj 10's
HYOSCINE BUTYLBROMIDE 10MG 20'S VEGA,Other / uncategorised,hyoscine butylbromide 10mg 20's vega
HYPONIDD TABS 20'S,Pharmacy medicine,hyponidd tabs 20's
IAMAI BEAUTY COTTON OVAL PADS 50'S,Other / uncategorised,iamai beauty cotton oval pads 50's
IAMAI BEAUTY COTTON PADS 200'S,Other / uncategorised,iamai beauty cotton pads 200's
IAMAI BEAUTY COTTON ROUND PADS 80'S,Other / uncategorised,iamai beauty cotton round pads 80's
IBEX PAIN RELIEF CAPS 24'S,Prescription medicine,ibex pain relief caps 24's
IBUPROFEN (GOFEX) 400MG CAPS 60'S,OTC,ibuprofen (gofex) 400mg caps 60's
IBUPROFEN 200MG 16'S UK,Other / uncategorised,ibuprofen 200mg 16's uk
IBUPROFEN 200MG 84'S TAB UK,OTC,ibuprofen 200mg 84's tab uk
IBUPROFEN DENK 600MG TABS 20'S,OTC,ibuprofen denk 600mg tabs 20's
IBUPROFEN SYR 100MLS UK,OTC,ibuprofen syr 100mls uk
IBUPROFEN TAB 400MG UK 84',OTC,ibuprofen tab 400mg uk 84'
ICE CUBES GUM,Other / uncategorised,ice cubes gum
ICHTHAMMOL OINT 10% 15G,OTC,ichthammol oint 10% 15g
IDEOS 500MG/400 IU TABS,Other / uncategorised,ideos 500mg/400 iu tabs
IICARE CAPS 30'S MEGA,Pharmacy medicine,iicare caps 30's mega
IMAX HERBAL DELAY SPRAY 8ML,OTC,imax herbal delay spray 8ml
IMBOOST HERBAL MIXTURE 500ML,Herbal,imboost herbal mixture 500ml
IMIPRAMINE 10MG TAB UK,OTC,imipramine 10mg tab uk
IMIPRAMINE 20MG UK,OTC,imipramine 20mg uk
IMIPRAMINE 25MG (TOFRANIL),Prescription medicine,imipramine 25mg (tofranil)
IMMUN ACTIVE DENK MULTIVITAMIN SACHETS 20'S,OTC,immun active denk multivitamin sachets 20's
IMMUNACE EXTRA PROTECTION TABBS 30'S,OTC,immunace extra protection tabbs 30's
IMMUNACE ORIGINAL CAP 30'S,OTC,immunace original cap 30's
IMMUNACE SELENIUM 30'S,OTC,immunace selenium 30's
IMODIUM 2MG CAPS ORIG,OTC,imodium 2mg caps orig
IMODIUM DUAL ACTION RELIEF 6'S,Other / uncategorised,imodium dual action relief 6's
IMODIUM INSTANT MELT 2MG 12'S,Other / uncategorised,imodium instant melt 2mg 12's
IMPRESSER CAPS,Prescription medicine,impresser caps
IMPRESSER OIL,Other / uncategorised,impresser oil
INDAPAMIDE 1.5MG ( ACLORVASC XL ) 28',Prescription medicine,indapamide 1.5mg ( aclorvasc xl ) 28'
INDAPAMIDE 1.5MG KRKA 30'S,Other / uncategorised,indapamide 1.5mg krka 30's
INDAPAMIDE 2.5MG TABS 28'S,Prescription medicine,indapamide 2.5mg tabs 28's
INFA V (CLOTRIMAZOLE) 2% CREAM 30G,OTC,infa v (clotrimazole) 2% cream 30g
INFA-V CLOTRIMAZOLE PESS,Pharmacy medicine,infa-v clotrimazole pess
INOXIME (CEFIXIME) TAB 200MG 10'S,Prescription medicine,inoxime (cefixime) tab 200mg 10's
INSULATARD (INSULIN HUMAN RDNA) 10ML,Prescription medicine,insulatard (insulin human rdna) 10ml
INSULIN SYRINGE DISPOSABLE NEEDLE 1ML 100'S,OTC,insulin syringe disposable needle 1ml 100's
IPRATROPIUM 250MCG NEB,OTC,ipratropium 250mcg neb
IPRATROPIUM 500MG NEBULES,Pharmacy medicine,ipratropium 500mg nebules
IRISH SPRING SHOWER GEL 591ML,Cosmetics,irish spring shower gel 591ml
IROVIT DROPS 30ML,OTC,irovit drops 30ml
ISOSORBIDE DINITRATE 10MG TABS 56S,Prescription medicine,isosorbide dinitrate 10mg tabs 56s
ISOTRETINOIN (ACNOTIN) 10MG CAPS 30'S,Prescription medicine,isotretinoin (acnotin) 10mg caps 30's
ITRACONAZOLE ( SPORANOX) 100MG,Prescription medicine,itraconazole ( sporanox) 100mg
ITRACONAZOLE CAPS 100MG UK 15'S,Pharmacy medicine,itraconazole caps 100mg uk 15's
ITRACONAZOLE CAPS 100MG VEGA,Pharmacy medicine,itraconazole caps 100mg vega
IVERMECTN (IVERMECTIZAN) 3MG 500'S,Other / uncategorised,ivermectn (ivermectizan) 3mg 500's
JAKEMANS ALL TYPES LOZ 73G,OTC,jakemans all types loz 73g
JAMIESON ZINC 10MG TAB 100'S,Other / uncategorised,jamieson zinc 10mg tab 100's
JANUVIA 100MG TABS 30'S,Other / uncategorised,januvia 100mg tabs 30's
JARDIANCE (EMPAGLIFLOZIN) 25MG,Prescription medicine,jardiance (empagliflozin) 25mg
JARDIANCE TAB 10MG (EMPAGLIFLOZIN),Prescription medicine,jardiance tab 10mg (empagliflozin)
JERGENS ULTRA HEALING MOISTURISER,Cosmetics,jergens ultra healing moisturiser
JET 2 INHALER STICK STRIPS,OTC,jet 2 inhaler stick strips
JOHNSON BABY POWDER 200G,Cosmetics,johnson baby powder 200g
JOHNSON BABY WASH ESSENTIALS 500ML,Other / uncategorised,johnson baby wash essentials 500ml
JOHNSON BAR SOAP 90G,Baby & infant,johnson bar soap 90g
JOHNSON FACE WIPES 25'S,Other / uncategorised,johnson face wipes 25's
JOHNSON'S BABY OIL 100ML,Other / uncategorised,johnson's baby oil 100ml
JOHNSON'S BABY OIL 200ML,OTC,johnson's baby oil 200ml
JOHNSON'S BABY OIL B/S 500ML,Baby & infant,johnson's baby oil b/s 500ml
JOHNSON'S BABY POWDER 400G,Baby & infant,johnson's baby powder 400g
JOHNSON'S BABY SHAMPOO 500ML,Cosmetics,johnson's baby shampoo 500ml
JOHNSONS COTTON BUDS 200,Other / uncategorised,johnsons cotton buds 200
JOINTACE COLLAGEN TABS 30'S,Other / uncategorised,jointace collagen tabs 30's
JOINTACE OMEGA & GLUCOSAMINE 30'S,Pharmacy medicine,jointace omega & glucosamine 30's
JOINTFLEX PLUS 30'S TABS,OTC,jointflex plus 30's tabs
JOY OINTMENT 280G B/S,Other / uncategorised,joy ointment 280g b/s
JOY OINTMENT 40G,OTC,joy ointment 40g
JOY VIKIL 20 IMMUNE SUPPORT 250ML,OTC,joy vikil 20 immune support 250ml
KALAMINA LOTION (CALAMINE LOTION) 120ML,OTC,kalamina lotion (calamine lotion) 120ml
KALAMINA LOTION 200ML ECL,OTC,kalamina lotion 200ml ecl
KALMS SLEEP NIGHT ONE A NIGHT 14,Other / uncategorised,kalms sleep night one a night 14
KAMACLOX MOUTHWASH (CHLORHEXIDINE) 300ML,OTC,kamaclox mouthwash (chlorhexidine) 300ml
KAMAGRA 100MG ORAL JELLY,OTC,kamagra 100mg oral jelly
KAMAGRA 50MG ORAL JELLY,OTC,kamagra 50mg oral jelly
KAMAGRA 50MG TABS,Other / uncategorised,kamagra 50mg tabs
KAMAGRA TAB 100MG,Other / uncategorised,kamagra tab 100mg
KEFROX 500MG TAB,OTC,kefrox 500mg tab
KEFROX(CEFUROXIME SUSP) 125MG/5ML,Prescription medicine,kefrox(cefuroxime susp) 125mg/5ml
KENACORT SKIN CREAM (TRIAMCINOLONE 0.1%) 15G,Pharmacy medicine,kenacort skin cream (triamcinolone 0.1%) 15g
KENALOG (TRIAMCINOLONE ACETONIDE) CREAM 10G,Pharmacy medicine,kenalog (triamcinolone acetonide) cream 10g
KENALOG INJ 5'S,Prescription medicine,kenalog inj 5's
KENDAMIL 1 (800G),Baby & infant,kendamil 1 (800g)
KENDAMIL 2 800G,Other / uncategorised,kendamil 2 800g
KEPPRA 1000MG TAB 50',Prescription medicine,keppra 1000mg tab 50'
KEPPRA 250MG TAB 60'S,Prescription medicine,keppra 250mg tab 60's
KEPPRA 500MG TAB 50'S,Prescription medicine,keppra 500mg tab 50's
KEPPRA SYR 100MG/ML (LEVETIRACETAM) 300ML,Prescription medicine,keppra syr 100mg/ml (levetiracetam) 300ml
KEPTRILS LOZ,OTC,keptrils loz
KETACONAZOLE 2% SHAMPOO 120ML,Other / uncategorised,ketaconazole 2% shampoo 120ml
KETAZOL CREAM 30G,OTC,ketazol cream 30g
KETAZOL SHAMPOO 2% 100ML,OTC,ketazol shampoo 2% 100ml
KETESSE INJ 50MG/2ML,Other / uncategorised,ketesse inj 50mg/2ml
KIDICARE SYR 200ML MEYER,OTC,kidicare syr 200ml meyer
KIDIVITE MULTIVITAMIN TONIC 200ML ECL,Other / uncategorised,kidivite multivitamin tonic 200ml ecl
KIRKLAND FAST ACTING LACTASE 180'S,OTC,kirkland fast acting lactase 180's
KIRKLAND IBUPROFEN 200MG 500'S,OTC,kirkland ibuprofen 200mg 500's
KIRKLAND RAPID RELEASE ACETAMINOPHEN CAPS 400'S,OTC,kirkland rapid release acetaminophen caps 400's
KISS CONDOM PACK 3'S,OTC,kiss condom pack 3's
KISS LUBRICANT 50ML,Other / uncategorised,kiss lubricant 50ml
KLARO EYE DROP,Pharmacy medicine,klaro eye drop
KLOVINAL VAGINAL PESSARIES 6'S,Pharmacy medicine,klovinal vaginal pessaries 6's
KOFFEX ADULT COUGH SYRUP (EXPECTORANT) 125ML,OTC,koffex adult cough syrup (expectorant) 125ml
KOFFEX JUNIOR COUGH SYRUP,OTC,koffex junior cough syrup
KOFLET COUGH SYRUP 100ML,Herbal,koflet cough syrup 100ml
KOFLET EXPECORANT SUGAR FREE SYRUP 100ML,Other / uncategorised,koflet expecorant sugar free syrup 100ml
KOFLET H LOZ,OTC,koflet h loz
KOMBIGLYZE ( 5/1000)MG TABS 30'S,Pharmacy medicine,kombiglyze ( 5/1000)mg tabs 30's
KOMBIGLYZE XR ( 2.5/1000)MG TABS 60'S,Pharmacy medicine,kombiglyze xr ( 2.5/1000)mg tabs 60's
KOTEX MAXI NIGHT TIME 10'S,Other / uncategorised,kotex maxi night time 10's
KOTEX MAXI NORMAL 18’,OTC,kotex maxi normal 18’
KOTEX MAXI SUPER PADS 16',OTC,kotex maxi super pads 16'
KOTEX PANTY LINERS NORMAL 35',OTC,kotex panty liners normal 35'
"KWIK ACTION TABS 50'S (PARA 500MG, EPHEDRINE 10MG, CAFFEINE 30MG)",Pharmacy medicine,"kwik action tabs 50's (para 500mg, ephedrine 10mg, caffeine 30mg)"
KY JELLY 50G,Other / uncategorised,ky jelly 50g
KY JELLY GEL 82G,OTC,ky jelly gel 82g
LABETALOL 200MG TAB 30'S,Other / uncategorised,labetalol 200mg tab 30's
LABETALOL TAB 100MG 56'S,Prescription medicine,labetalol tab 100mg 56's
LACTACYD,Pharmacy medicine,lactacyd
LACTULOSE 300ML UK,OTC,lactulose 300ml uk
LACTULOSE SOLN 500ML (SANDOZ),OTC,lactulose soln 500ml (sandoz)
LACTULOSE SOLUTION 300ML (SANDOZ),Other / uncategorised,lactulose solution 300ml (sandoz)
LAMISIL CREAM 15G,Pharmacy medicine,lamisil cream 15g
LAMISIL TABS 250MG 14'S,OTC,lamisil tabs 250mg 14's
LANSOPRAZOLE 15MG TEVA,OTC,lansoprazole 15mg teva
LANSOPRAZOLE 30MG TEVA,Pharmacy medicine,lansoprazole 30mg teva
LANTUS SOLOSTAR 100IU/ML,Prescription medicine,lantus solostar 100iu/ml
LARIAM MEFLOQUINE TABS 250MG 8'S ROCHE,OTC,lariam mefloquine tabs 250mg 8's roche
LASER 2 LADY TWIN BLADE RAZORS,OTC,laser 2 lady twin blade razors
LASER II RAZOR MEN TWIN 10PK,Other / uncategorised,laser ii razor men twin 10pk
LATANOPROST 0.005% W/V EYE DROPS VEGA,Prescription medicine,latanoprost 0.005% w/v eye drops vega
LAVINAC DICLOFENAC GEL 30G,Pharmacy medicine,lavinac diclofenac gel 30g
LAWSON DELAYMAN CAPS,OTC,lawson delayman caps
LEENA CAPS,Other / uncategorised,leena caps
LEENA SYR 200ML,Other / uncategorised,leena syr 200ml
LEMSIP COLD & FLU LEMON MAX STREGTH SACHET 8'S,Other / uncategorised,lemsip cold & flu lemon max stregth sachet 8's
LEMSIP COLD & FLU SACHET 10'S,Pharmacy medicine,lemsip cold & flu sachet 10's
LEMSIP COLD & FLU SACHET 5' BREATH EASY,OTC,lemsip cold & flu sachet 5' breath easy
LEMSIP COLD & FLU SACHET LEMON 10'S,OTC,lemsip cold & flu sachet lemon 10's
LEMSIP MAX ALL IN ONE COLD & FLU 16',Pharmacy medicine,lemsip max all in one cold & flu 16'
LEMSIP MAX COLD & FLU CAPS 16'S,OTC,lemsip max cold & flu caps 16's
LEMSIP MAX COLD & FLU SACHET 5',OTC,lemsip max cold & flu sachet 5'
LEMSIP MAX DAY & NIGHT 16'S,Other / uncategorised,lemsip max day & night 16's
LEMSIP ORIGINAL COLD & FLU LEMON SACHET 5'S,OTC,lemsip original cold & flu lemon sachet 5's
LENOR CONTRA TAB,OTC,lenor contra tab
LETAVIN 500MG TABS,OTC,letavin 500mg tabs
LETROZOLE 2.5MG TAB UK,OTC,letrozole 2.5mg tab uk
LETROZOLE DENK TAB 2.5MG,OTC,letrozole denk tab 2.5mg
LEVETIRACETAM 1G 60' UK,Prescription medicine,levetiracetam 1g 60' uk
LEVETIRACETAM 250MG 60'S,OTC,levetiracetam 250mg 60's
LEVETIRACETAM 500MG TAB,OTC,levetiracetam 500mg tab
LEVOCET/MONTELUKAST (L-MONTUS) 5/10MG TABS 10'S,Prescription medicine,levocet/montelukast (l-montus) 5/10mg tabs 10's
LEVOCET/MONTELUKAST 2.5MG (L-MONTUS) TABS 10'S,Prescription medicine,levocet/montelukast 2.5mg (l-montus) tabs 10's
LEVOFLOXACIN (LEVO-DENK) 500MG TABS 10'S,Prescription medicine,levofloxacin (levo-denk) 500mg tabs 10's
LEVOFLOXACIN (TAVANIC) 500MG TABS,Prescription medicine,levofloxacin (tavanic) 500mg tabs
LEVOFLOXACIN (XOLFOVEL) 500MG TABS 10'S,Pharmacy medicine,levofloxacin (xolfovel) 500mg tabs 10's
LEVOFLOXACIN 500MG TABS 10'S UK,Prescription medicine,levofloxacin 500mg tabs 10's uk
LEVOFLOXACIN TAB 500MG VEGA,OTC,levofloxacin tab 500mg vega
LEVON 2 LUBRICANT 50ML,Other / uncategorised,levon 2 lubricant 50ml
LEVON 2 TABS 0.75MG 2'S,Pharmacy medicine,levon 2 tabs 0.75mg 2's
LEVOTHYROXINE 100MCG TABS 28'S,Prescription medicine,levothyroxine 100mcg tabs 28's
LEVOTHYROXINE 25MCG,Prescription medicine,levothyroxine 25mcg
LEVOTHYROXINE 50MCG TAB 28'S,Other / uncategorised,levothyroxine 50mcg tab 28's
"LEXOFEN PLUS (PARA,IBUPROFEN) 500/400MG CAPS 20'S",OTC,"lexofen plus (para,ibuprofen) 500/400mg caps 20's"
LEXOFEN SYR 100ML,OTC,lexofen syr 100ml
LEXOTANIL TAB 1.5MG 30'S,Prescription medicine,lexotanil tab 1.5mg 30's
LEXSPORIN POWDER 20G LUEX,Pharmacy medicine,lexsporin powder 20g luex
LEXSPORIN SKIN OINTMENT 20GM LUEX,Pharmacy medicine,lexsporin skin ointment 20gm luex
LIBIDO LADY DENK,OTC,libido lady denk
LIDOCAINE HYDROCHLORIDE GEL 30G (LIGNOCAD),Prescription medicine,lidocaine hydrochloride gel 30g (lignocad)
LIDOCAINE INJ 2% W/V 30ML,Prescription medicine,lidocaine inj 2% w/v 30ml
LIGABA 75MG(PREGABALIN) 30'S,Pharmacy medicine,ligaba 75mg(pregabalin) 30's
LIL CRITTERS GUMMY VITE 60'S,OTC,lil critters gummy vite 60's
LIL CRITTERS GUMMY VITES 300'S,OTC,lil critters gummy vites 300's
LIPITOR TAB 20MG UK,Other / uncategorised,lipitor tab 20mg uk
LIPITOR TAB 40MG UK,Other / uncategorised,lipitor tab 40mg uk
LIPSORE (ACICLOVIR CREAM 5%) 2GM,Other / uncategorised,lipsore (aciclovir cream 5%) 2gm
LISINOPRIL 10MG TABS TEVA,Pharmacy medicine,lisinopril 10mg tabs teva
LISINOPRIL 20MG TABS TEVA,Pharmacy medicine,lisinopril 20mg tabs teva
LISINOPRIL 5MG TABS 28'S TEVA,Pharmacy medicine,lisinopril 5mg tabs 28's teva
LISINOPRIL HCT 10/12.5MG UK,OTC,lisinopril hct 10/12.5mg uk
LISTERINE ALL TYPES 250ML,Pharmacy medicine,listerine all types 250ml
LISTERINE M/WASH 1.5L,OTC,listerine m/wash 1.5l
LISTERINE M/WASH 1L,Other / uncategorised,listerine m/wash 1l
LISTERINE M/WASH 500ML ALL TYPES,OTC,listerine m/wash 500ml all types
LISTERINE M/WASH ALL TYPES 750ML,OTC,listerine m/wash all types 750ml
LISTERINE MOUTHWASH MULTI PRO 500ML,Other / uncategorised,listerine mouthwash multi pro 500ml
LISTERINE MOUTHWASH SPEARMINT 500ML,Other / uncategorised,listerine mouthwash spearmint 500ml
LISTERINE SPEARMINT 250ML,Other / uncategorised,listerine spearmint 250ml
LIV 52 SYRUP,Herbal,liv 52 syrup
LIV 52 TABS,Herbal,liv 52 tabs
LIVERCARE TABS 60'S BLISTER H/AID,Other / uncategorised,livercare tabs 60's blister h/aid
LIVEREL TAB 60S,Prescription medicine,liverel tab 60s
LIVING BITTERS CAPS 30',Other / uncategorised,living bitters caps 30'
LIVING BITTERS MIXTURE 200ML,Herbal,living bitters mixture 200ml
LIVOLIN FORTE CAPS 30'S,OTC,livolin forte caps 30's
LIVOMYN TABS 20'S,OTC,livomyn tabs 20's
LIVOPAT CAPS 30'S,OTC,livopat caps 30's
LOFNAC 100MG TABS,OTC,lofnac 100mg tabs
LOFNAC GEL,Pharmacy medicine,lofnac gel
LOFNAC-100 (DICLO SUPPOSITORIES) 10'S,OTC,lofnac-100 (diclo suppositories) 10's
LONART ART/LUME 20MG/120MG SUSP 60ML,OTC,lonart art/lume 20mg/120mg susp 60ml
LONART DS TABS 80/480MG,OTC,lonart ds tabs 80/480mg
LONART FORTE 40MG/240MG TABS,OTC,lonart forte 40mg/240mg tabs
LONGRICH TOOTHPASTE 100G,Other / uncategorised,longrich toothpaste 100g
LONGRICH TOOTHPASTE 200G,OTC,longrich toothpaste 200g
LOPADINE EYE DROPS 5ML,OTC,lopadine eye drops 5ml
LOPERAMIDE 2MG CAPS 6'S UK,OTC,loperamide 2mg caps 6's uk
LOPERAMIDE CAPS 2MG 30S UK,Pharmacy medicine,loperamide caps 2mg 30s uk
LORATADINE SYR 100ML (5MG/5ML),Prescription medicine,loratadine syr 100ml (5mg/5ml)
LORATIDINE 10MG TAB UK,Pharmacy medicine,loratidine 10mg tab uk
LORAZEPAM 2MG TABS 500'S,Prescription medicine,lorazepam 2mg tabs 500's
LORAZEPAM 5MG TABS,OTC,lorazepam 5mg tabs
LOREAL MEN DEO SPRAY 150ML,OTC,loreal men deo spray 150ml
LOREAL MEN DEO SPRAY ALL TYPES 250ML,Cosmetics,loreal men deo spray all types 250ml
LOREAL MEN SHOWER GEL ALL TYPES 300MLS,OTC,loreal men shower gel all types 300mls
LOREAL ROLL ON ALL TYPES,OTC,loreal roll on all types
LOREAL SHOWER GEL ALL TYPES 300ML,OTC,loreal shower gel all types 300ml
LOSAR DENK TAB 100MG 28'S,Prescription medicine,losar denk tab 100mg 28's
LOSAR DENK TAB 50MG 28'S,Pharmacy medicine,losar denk tab 50mg 28's
LOSARTAN 25MG TABS 28'S UK,Prescription medicine,losartan 25mg tabs 28's uk
LOSARTAN 50MG TAB TEVA,Pharmacy medicine,losartan 50mg tab teva
LOSARTAN 50MG TABS 28'S UK,OTC,losartan 50mg tabs 28's uk
LOSARTAN HCT 100/25MG 28'S,Other / uncategorised,losartan hct 100/25mg 28's
LOSARTAN HCT 50/12.5MG UK,OTC,losartan hct 50/12.5mg uk
LOSARTAN TAB 100MG TEVA,Prescription medicine,losartan tab 100mg teva
LOST FLUID REPLACEMENT,Other / uncategorised,lost fluid replacement
LUBRIMAX 70G,Other / uncategorised,lubrimax 70g
LUBRIMAX JELLY 30G ALLTYPES,Other / uncategorised,lubrimax jelly 30g alltypes
LUBRIMAX JELLY 50G ALL TYPES,OTC,lubrimax jelly 50g all types
LUCOZADE ORIGINAL CAN 330ML,Other / uncategorised,lucozade original can 330ml
LUEX ADULT CHESTY 150ML,OTC,luex adult chesty 150ml
LUEX ADULT DRY COUGH 150ML,OTC,luex adult dry cough 150ml
LUEX BABY COUGH SYRUP 150ML,OTC,luex baby cough syrup 150ml
LUEX CHILDREN DRY COUGH SYRUP 100ML,OTC,luex children dry cough syrup 100ml
LUEX CHILDREN'S CHESTY COUGH SYRUP 150ML,OTC,luex children's chesty cough syrup 150ml
LUFART 20/120MG ORAL SUSP,Prescription medicine,lufart 20/120mg oral susp
"LUMIGAN 0,01% OOGDRUPPELS BIMATOPROST 0,3MG/ML 3ML",Pharmacy medicine,"lumigan 0,01% oogdruppels bimatoprost 0,3mg/ml 3ml"
"LUMIGAN 0,03% OOGDRUPPELS BIMATOPROST 0,3MG/ML 3ML",Prescription medicine,"lumigan 0,03% oogdruppels bimatoprost 0,3mg/ml 3ml"
LYDIA POSTPIL TABS,OTC,lydia postpil tabs
LYNUX OINT 20G,OTC,lynux oint 20g
LYNX AFRICA B/WASH 225ML,OTC,lynx africa b/wash 225ml
LYNX BODY SPRAY ALL TYPES 150ML,Cosmetics,lynx body spray all types 150ml
LYNX DEO ROLL ON ALL TYPES 50ML,Cosmetics,lynx deo roll on all types 50ml
LYNX DEO SPRAY 200ML,Cosmetics,lynx deo spray 200ml
LYNX DEO SPRAY 250ML,Other / uncategorised,lynx deo spray 250ml
LYNX ICE CHILL 225ML B/WASH,OTC,lynx ice chill 225ml b/wash
LYNX SHOWER GEL DARK TEMP 225ML,Cosmetics,lynx shower gel dark temp 225ml
LYNXACLOX CHLORHEXIDINE MOUTHWASH 0.2% 300ML VEGA,Other / uncategorised,lynxaclox chlorhexidine mouthwash 0.2% 300ml vega
M2 TONE TABS 20'S,OTC,m2 tone tabs 20's
MAALOX PLUS ORAL SUSP 250ML,OTC,maalox plus oral susp 250ml
MAALOX PLUS SUSP 355ML,OTC,maalox plus susp 355ml
MAALOX PLUS TABS 30'S,Pharmacy medicine,maalox plus tabs 30's
MAALOX SUSP SACHET 20'S,OTC,maalox susp sachet 20's
MAAME DAGOMBA HERBAL OINT,Other / uncategorised,maame dagomba herbal oint
MADOPAR 100/25MG CAP'S 100'S,Prescription medicine,madopar 100/25mg cap's 100's
MADOPAR 50/12.5MG CAPS,Other / uncategorised,madopar 50/12.5mg caps
MAGACID CHEWABLE TAB 4'S,OTC,magacid chewable tab 4's
MAGACID FASTMELT,OTC,magacid fastmelt
MAGACID ORAL SUSP 200ML,OTC,magacid oral susp 200ml
MAGACID PLUS SUSP 200ML,OTC,magacid plus susp 200ml
MAGNES ACTIVE DENK 300MG,Pharmacy medicine,magnes active denk 300mg
MAGNES DIRECT DENK 400MG,OTC,magnes direct denk 400mg
MAGNESIUM GLYCINATE 1000MG 60'S,Other / uncategorised,magnesium glycinate 1000mg 60's
MAGNESIUM GLYCINATE 500MG,Other / uncategorised,magnesium glycinate 500mg
MAJOR NASAL DROPS 18ML (EPHEDRINE ANHYDROUS 0.75%),Pharmacy medicine,major nasal drops 18ml (ephedrine anhydrous 0.75%)
MALAR 2 FORTE DS TABS 6'S,Pharmacy medicine,malar 2 forte ds tabs 6's
MALAR 2 FORTE TABS 40/240MG 12'S,Prescription medicine,malar 2 forte tabs 40/240mg 12's
MALAR 2 SUSP (180+1080MG) 60ML,Pharmacy medicine,malar 2 susp (180+1080mg) 60ml
MALARIA RAPID TEST 30'S,OTC,malaria rapid test 30's
MALARONE 250MG/100MG TABS ADT 12'S,Prescription medicine,malarone 250mg/100mg tabs adt 12's
MALARONE 62MG/25MG 12'S,Other / uncategorised,malarone 62mg/25mg 12's
MALT CAN (GUINESS) 330ML,"Food, drinks & essentials",malt can (guiness) 330ml
MAN UP ADVANCED FORMULA,Prescription medicine,man up advanced formula
MANOLL SYR 200ML,Other / uncategorised,manoll syr 200ml
MARK 2 INHALER,Pharmacy medicine,mark 2 inhaler
MARTINELLIS APPLE JUICE 296ML,"Food, drinks & essentials",martinellis apple juice 296ml
MARTINS LIVER SALT ALL TYPES,OTC,martins liver salt all types
MATES CONDOMS,Other / uncategorised,mates condoms
MAXIDEX EYE DROPS,OTC,maxidex eye drops
MAXIDEX EYE OINT,Prescription medicine,maxidex eye oint
MAXISPORIN EYE DROP 5ML,Pharmacy medicine,maxisporin eye drop 5ml
MAXITROL EYE DROP,OTC,maxitrol eye drop
MAXITROL EYE OINT 3.5G,OTC,maxitrol eye oint 3.5g
MEDIPURE MEDICATED BODY POWDER 200G,OTC,medipure medicated body powder 200g
MEDIPURE SHAMPOO HAIR & SCALP ANTI DANDRUFF 400ML,Other / uncategorised,medipure shampoo hair & scalp anti dandruff 400ml
MEDISOFT REPELLENT 100ML,Other / uncategorised,medisoft repellent 100ml
MEDISURE STEAM INHALER MANUAL,OTC,medisure steam inhaler manual
MEDISURE TONGUE CLEANER,Cosmetics,medisure tongue cleaner
MEDROL METHYLPREDNISOLONE 4MG TABS 30'S,Prescription medicine,medrol methylprednisolone 4mg tabs 30's
MEFENAMIC ACID ( PONSTAN) 250MG CAPS 50'S,Pharmacy medicine,mefenamic acid ( ponstan) 250mg caps 50's
MELATONIN GUMMIES 10G,Other / uncategorised,melatonin gummies 10g
MENOPACE MAX TABS,Pharmacy medicine,menopace max tabs
MENOPACE ORIGINAL VITABIOTICS,OTC,menopace original vitabiotics
MENOPACE PLUS 56'S TABS,Pharmacy medicine,menopace plus 56's tabs
MENTAT SYRUP 100MLS,Herbal,mentat syrup 100mls
MENTAT TABS 100'S,Herbal,mentat tabs 100's
MENTHODEX 100ML SYR,OTC,menthodex 100ml syr
MENTHODEX 200ML SYR,OTC,menthodex 200ml syr
MENTHODEX LOZ 80G SACHET 25'S (H&L),OTC,menthodex loz 80g sachet 25's (h&l)
MENTHOL CRYSTAL,Pharmacy medicine,menthol crystal
MENTOS GUM,"Food, drinks & essentials",mentos gum
MERCY OINTMENT,OTC,mercy ointment
MERCY SOAP,OTC,mercy soap
METAGYL 200MG/5MG SUSP 100ML,Other / uncategorised,metagyl 200mg/5mg susp 100ml
METAGYL METRONIDAZOLE 200MG TABS 500'S,OTC,metagyl metronidazole 200mg tabs 500's
METAGYL METRONIDAZOLE 400MG 280'S ECL,Other / uncategorised,metagyl metronidazole 400mg 280's ecl
METAGYL SUSP ( METRONIDAZOLE SUSP 200MG/5ML,Prescription medicine,metagyl susp ( metronidazole susp 200mg/5ml
METATONE TONIC 300ML,OTC,metatone tonic 300ml
METFORMIN 500MG TAB 84'S UK,Prescription medicine,metformin 500mg tab 84's uk
METFORMIN 500MG TABS 28'S UK,OTC,metformin 500mg tabs 28's uk
METFORMIN 850MG TAB 56'S,OTC,metformin 850mg tab 56's
METFORMIN DENK 1000MG TABS 30'S,Pharmacy medicine,metformin denk 1000mg tabs 30's
METFORMIN DENK 500MG 100'S TABS,Pharmacy medicine,metformin denk 500mg 100's tabs
METFORMIN DENK 850MG TABS,Pharmacy medicine,metformin denk 850mg tabs
METHOTREXATE (CYTOTHREXATE 10MG) 10'S,Prescription medicine,methotrexate (cytothrexate 10mg) 10's
METHOTREXATE TAB 2.5MG,Prescription medicine,methotrexate tab 2.5mg
METHRONIDAZOLE 400MG 21'S (VEGA),Other / uncategorised,methronidazole 400mg 21's (vega)
METHYLATED SPIRIT 100ML ECL,OTC,methylated spirit 100ml ecl
METHYLATED SPIRIT 125ML ECL,OTC,methylated spirit 125ml ecl
METHYLATED SPIRIT 200ML ECL,Other / uncategorised,methylated spirit 200ml ecl
METHYLDOPA 250MG 60'S,Prescription medicine,methyldopa 250mg 60's
METOCLOPRAMIDE 10MG TAB 28'S CRESCENT,Other / uncategorised,metoclopramide 10mg tab 28's crescent
METOCLOPRAMIDE 10MG UK,Prescription medicine,metoclopramide 10mg uk
METOCLOPRAMIDE INJ 10MG/2ML,Prescription medicine,metoclopramide inj 10mg/2ml
METOPROLOL 50MG TAB MILPHARM,Other / uncategorised,metoprolol 50mg tab milpharm
METRAN (MECOBALAMIN)500MCG CAPS 100'S,Prescription medicine,metran (mecobalamin)500mcg caps 100's
METRO-Z SUSP 100MLS (METRO = FURAZOLIDINE),Prescription medicine,metro-z susp 100mls (metro = furazolidine)
METROLEX-F SUSP 100ML,Pharmacy medicine,metrolex-f susp 100ml
METROLEX-F TABS 21'S,Pharmacy medicine,metrolex-f tabs 21's
METRONIDAZOLE 2% GEL,OTC,metronidazole 2% gel
METRONIDAZOLE INJECTION 100ML,Prescription medicine,metronidazole injection 100ml
METRONIDAZOLE TAB 400MG UK,Prescription medicine,metronidazole tab 400mg uk
MICARDIS (TELMISARTAN) 40MG TAB 28'S,Prescription medicine,micardis (telmisartan) 40mg tab 28's
MICARDIS (TELMISARTAN) 80MG TAB 28'S,Prescription medicine,micardis (telmisartan) 80mg tab 28's
MICONAZOLE & CLOBETASOL (MYCOCORT) CREAM 20G,OTC,miconazole & clobetasol (mycocort) cream 20g
MICROGYNON 21 TABS,Other / uncategorised,microgynon 21 tabs
MICROGYNON FE 28 TABS,OTC,microgynon fe 28 tabs
MIGRA COOL PATCHES 4',OTC,migra cool patches 4'
MILKYWAY 6 PACK CHOCOLATE 129GM,"Food, drinks & essentials",milkyway 6 pack chocolate 129gm
MILTON STERILISING TABS 28',OTC,milton sterilising tabs 28'
"MIMORAL TRYPSINE-CHYMOTRYPSINE TABS 50,000IU",Prescription medicine,"mimoral trypsine-chymotrypsine tabs 50,000iu"
MINADEX MULTIVITAMIN SYP 150ML,OTC,minadex multivitamin syp 150ml
MINADEX MULTIVITAMIN SYP 200ML,Other / uncategorised,minadex multivitamin syp 200ml
MINAMINO LIQUID 200ML,OTC,minamino liquid 200ml
MINERAL WATER ALL TYPES,"Food, drinks & essentials",mineral water all types
MINIONS BATH & SHOWER BUBBLES 400ML,Other / uncategorised,minions bath & shower bubbles 400ml
MISOPROSTOL ( CYTOTEC) 200MCG TAB 60'S,OTC,misoprostol ( cytotec) 200mcg tab 60's
MIST EXPECT-SED 150ML,Pharmacy medicine,mist expect-sed 150ml
MIST MAGNESSIUM TRISILICATE,OTC,mist magnessium trisilicate
MIST SENNACCO,Pharmacy medicine,mist sennacco
MIXTARD 30 100IU/ML INJ,Prescription medicine,mixtard 30 100iu/ml inj
MIXTARD FLEX PEN INSULIN 100IU/ML 5'S,Pharmacy medicine,mixtard flex pen insulin 100iu/ml 5's
MM ALLERGY RELIEF 200'S,OTC,mm allergy relief 200's
MOMETASONE FUROATE (NASONEX) SPRAY 140 DOSES,Pharmacy medicine,mometasone furoate (nasonex) spray 140 doses
MORPHINE INJ 10MG/ML,Prescription medicine,morphine inj 10mg/ml
MORPHINE ORAL SOLN SYRUP 100ML,Restricted medicine,morphine oral soln syrup 100ml
MORPHINE SYR 500ML,Restricted medicine,morphine syr 500ml
MOSEGOR PIZOTIFEN SYR 100ML,Pharmacy medicine,mosegor pizotifen syr 100ml
MOSEGOR PIZOTIFEN TAB 0.5MG,Pharmacy medicine,mosegor pizotifen tab 0.5mg
MOTILIUM (DOMPERIDONE) TABS 10MG 30'S,OTC,motilium (domperidone) tabs 10mg 30's
MOTILIUM 10MG TABS 60'S,Other / uncategorised,motilium 10mg tabs 60's
MOTILIUM SYRUP,Prescription medicine,motilium syrup
MOTRIN 200MG TAB 50'S,OTC,motrin 200mg tab 50's
MOTRIN SYRUP 120ML,OTC,motrin syrup 120ml
MR. Q,OTC,mr. q
MUCOLEX EXP ADULT 150ML,OTC,mucolex exp adult 150ml
MUCOLEX JNR. EXPECTORANT 150ML,Pharmacy medicine,mucolex jnr. expectorant 150ml
MUCOTIN 5% COUGH,Other / uncategorised,mucotin 5% cough
MULTIVITAMINS TABS 500'S BLISTER,OTC,multivitamins tabs 500's blister
MUPIROCIN OINTMENT 2% 15G VEGA,OTC,mupirocin ointment 2% 15g vega
MYCOLEX 3 CREAM 30GM,Pharmacy medicine,mycolex 3 cream 30gm
MYCOLEX CREAM 20GM,Other / uncategorised,mycolex cream 20gm
MYCOLEX POWDER 50G,Pharmacy medicine,mycolex powder 50g
MYCOPHENOLATE TAB 500MG UK 50'S,Prescription medicine,mycophenolate tab 500mg uk 50's
MYCOTA CREAM 25G,OTC,mycota cream 25g
MYCOTA POWDER 70G,Pharmacy medicine,mycota powder 70g
MYCOVIN 125,Other / uncategorised,mycovin 125
MYCOVIN TABS 500MG 250'S ECL,Pharmacy medicine,mycovin tabs 500mg 250's ecl
NAKLOFEN DUO CAPS 75MG 20'S,Pharmacy medicine,naklofen duo caps 75mg 20's
NANA AGYEI,OTC,nana agyei
NAPHCON A DROPS 15ML,OTC,naphcon a drops 15ml
NAPROSYN EC 500MG TABS 100'S,Prescription medicine,naprosyn ec 500mg tabs 100's
NASOALDO NASAL SPRAY,OTC,nasoaldo nasal spray
NASOFED SALINE NASAL SPRAY RELIEF,OTC,nasofed saline nasal spray relief
NAT B MULTIVITAMIN CAPS 30'S,OTC,nat b multivitamin caps 30's
NAT-C 1000 TABS 30'S MEGA,Pharmacy medicine,nat-c 1000 tabs 30's mega
NATRILIX 2.5MG,Pharmacy medicine,natrilix 2.5mg
NATRILIX SR INDAPAMIDE 1.5MG TABS 30'S,Prescription medicine,natrilix sr indapamide 1.5mg tabs 30's
NATRIXAM 1.5/5MG TAB,Prescription medicine,natrixam 1.5/5mg tab
NATRIXAM 1.5MG/10MG 30'S,Prescription medicine,natrixam 1.5mg/10mg 30's
NATURE MADE FISH OIL 1200MG 100'S,Pharmacy medicine,nature made fish oil 1200mg 100's
NATURE MADE FISH OIL 1200MG 400'S,OTC,nature made fish oil 1200mg 400's
NATURE MADE FOLIC ACID +DHA ( PRENATAL),Other / uncategorised,nature made folic acid +dha ( prenatal)
NATURE MADE MAGNESIUM EXTRA STRENGTH 400MG,OTC,nature made magnesium extra strength 400mg
NATURE MADE TRIPLE OMEGA 3-6-9 180',OTC,nature made triple omega 3-6-9 180'
NATURE MADE VIT B12 1000MCG 400',OTC,nature made vit b12 1000mcg 400'
NATURE TRUTH APPLE CIDER VINEGAR GUMMIES 120'S,OTC,nature truth apple cider vinegar gummies 120's
NATURE VALLEY CRUNCHY 49'S,"Food, drinks & essentials",nature valley crunchy 49's
NCP 100ML,OTC,ncp 100ml
NCP 200ML,Pharmacy medicine,ncp 200ml
NEBILET 5MG,Other / uncategorised,nebilet 5mg
NEBIVOLOL 5MG 28'S,Other / uncategorised,nebivolol 5mg 28's
NECLOBET 3 CREAM 30G,OTC,neclobet 3 cream 30g
NEO HYCOLEX DROPS 10ML EEN,Other / uncategorised,neo hycolex drops 10ml een
NEO HYCOLEX DROPS 5ML,Pharmacy medicine,neo hycolex drops 5ml
NEO MERCAZOLE 5 (CARBIMAZOLE TAB 5MG),Prescription medicine,neo mercazole 5 (carbimazole tab 5mg)
NEO-CORT E/E/N DROPS 10ML,OTC,neo-cort e/e/n drops 10ml
NEO-MEDROL (NEO-PRESOL) ACNE LOTION,OTC,neo-medrol (neo-presol) acne lotion
NEOCELL SUPER COLLAGEN 90'S,OTC,neocell super collagen 90's
NEOCELL SUPER COLLAGEN PEPTIDES 180'S,OTC,neocell super collagen peptides 180's
NEOCELL SUPER COLLAGEN PEPTIDES 90'S,OTC,neocell super collagen peptides 90's
NEOCELL SUPER COLLAGEN PEPTIDES POWDER 600G,OTC,neocell super collagen peptides powder 600g
NEOCELL SUPER COLLAGEN+VIT C & BIOTIN 360'S,OTC,neocell super collagen+vit c & biotin 360's
NEOFERON BLOOD POWER 200ML LIQUID EXETER,OTC,neoferon blood power 200ml liquid exeter
NEOMIDEX (DEXA NEOMYCIN POLYMIXIN) EYE DROPS 5ML,Prescription medicine,neomidex (dexa neomycin polymixin) eye drops 5ml
NEOPRENE ANKLE SUPPORT,Other / uncategorised,neoprene ankle support
NEOPRENE ELBOW SUPPORT,Other / uncategorised,neoprene elbow support
NEOPRENE KNEE SUPPORT,Other / uncategorised,neoprene knee support
NEOSPORIN OINTMENT (ANTIBIOTIC CREAM 56.7G),OTC,neosporin ointment (antibiotic cream 56.7g)
NEOVITA CAPS 30'S WITH GINSENG,OTC,neovita caps 30's with ginseng
NEOXATROL EYE DROPS 5ML,Other / uncategorised,neoxatrol eye drops 5ml
NEPORENE WRIST SUPPORT,Other / uncategorised,neporene wrist support
NESBEN (ALBENDAZOLE SUSP),Prescription medicine,nesben (albendazole susp)
NESBEN (ALBENDAZOLE) TAB,Other / uncategorised,nesben (albendazole) tab
NESTER CHLORHEXIDINE M/WASH 300ML FRESH MINT,Other / uncategorised,nester chlorhexidine m/wash 300ml fresh mint
NESTER CHLORHEXIDINE M/WASH 300ML ORIGINAL,Other / uncategorised,nester chlorhexidine m/wash 300ml original
NESTER RUBBING ALCOHOL 475ML ECL,OTC,nester rubbing alcohol 475ml ecl
NESTERIX FORTE SYR 200ML ECL,OTC,nesterix forte syr 200ml ecl
NESTLE MILKYBAR 90GM,"Food, drinks & essentials",nestle milkybar 90gm
NEUROBION TABS 100',Other / uncategorised,neurobion tabs 100'
NEUROBION TABS 20',Prescription medicine,neurobion tabs 20'
NEUROMIN PLUS 30'S ENTRANCE PHARMA,Pharmacy medicine,neuromin plus 30's entrance pharma
NEUROMIND ORIGINAL CAPS,OTC,neuromind original caps
NEUROMIND PLUS DHA 56',Pharmacy medicine,neuromind plus dha 56'
NEUROPAT PLUS CAPS 30'S,OTC,neuropat plus caps 30's
NEUROZAN (MENTAL PERFORMANCE) TABS 30'S VITABIOTICS,Prescription medicine,neurozan (mental performance) tabs 30's vitabiotics
NEUROZAN PLUS 56'S,Other / uncategorised,neurozan plus 56's
NEUTROGENA CLEAR BODY 141G,OTC,neutrogena clear body 141g
NEUTROGENA OIL FREE ACNE WASH 269ML,Other / uncategorised,neutrogena oil free acne wash 269ml
NEUTROGENA ULTRA SHEA 141G SPF 70,Other / uncategorised,neutrogena ultra shea 141g spf 70
NEUTROSEC TONIC 200ML,OTC,neutrosec tonic 200ml
NEVANAC EYE DROP 0.1% 5ML,OTC,nevanac eye drop 0.1% 5ml
NEXCOFER BLOOD TONIC 200ML ECL,OTC,nexcofer blood tonic 200ml ecl
NEXCOFER CAPS 30'S,Pharmacy medicine,nexcofer caps 30's
NEXIUM 10MG ORAL SACHET 28'S,Pharmacy medicine,nexium 10mg oral sachet 28's
NEXIUM TABS 20MG 14'S,Pharmacy medicine,nexium tabs 20mg 14's
NEXIUM TABS 40MG 14'S,Pharmacy medicine,nexium tabs 40mg 14's
NICORETTE GUM 2MG 105'S,OTC,nicorette gum 2mg 105's
NICOTINELL TTS 30 21MG PATCH,Other / uncategorised,nicotinell tts 30 21mg patch
NIFEDIPINE ( NIFEDI-DENK) RTD 20MG TABS 100'S,Pharmacy medicine,nifedipine ( nifedi-denk) rtd 20mg tabs 100's
NIFEDIPINE ( NIFEDI-DENK) RTD 20MG TABS 30'S,Other / uncategorised,nifedipine ( nifedi-denk) rtd 20mg tabs 30's
NIFEDIPINE (ADALAT LA) 30MG TABS 28'S,Pharmacy medicine,nifedipine (adalat la) 30mg tabs 28's
NIFEDIPINE (NIFECARD XL) 30MG TABS 30'S,Pharmacy medicine,nifedipine (nifecard xl) 30mg tabs 30's
NIFEDIPINE (NIFEDI-DENK) RTD 10MG TABS 100'S,Pharmacy medicine,nifedipine (nifedi-denk) rtd 10mg tabs 100's
NIFEMAX SR 30MG TAB,OTC,nifemax sr 30mg tab
NIGHT NURSE CAPS 10'S,OTC,night nurse caps 10's
NIGHT NURSE LIQUID 160ML,OTC,night nurse liquid 160ml
NIMODIPINE 30MG 100',Pharmacy medicine,nimodipine 30mg 100'
NIMODIPINE TAB 30MG 30'S,OTC,nimodipine tab 30mg 30's
NITROFURANTOIN 100MG TAB 30'S,OTC,nitrofurantoin 100mg tab 30's
NITROFURANTOIN 50MG TABS,Pharmacy medicine,nitrofurantoin 50mg tabs
NITROLINGUAL GLYCERYL TRINITRATE SPRAY 400MG,Other / uncategorised,nitrolingual glyceryl trinitrate spray 400mg
NIVEA BODY LOTION 250MLS,Other / uncategorised,nivea body lotion 250mls
NIVEA COCOA BUTTER 400ML,Cosmetics,nivea cocoa butter 400ml
NIVEA CREAM 75ML,Other / uncategorised,nivea cream 75ml
NIVEA CREAM TIN 150ML,Other / uncategorised,nivea cream tin 150ml
NIVEA CREME 60ML,Cosmetics,nivea creme 60ml
NIVEA CREME SOFT SHOWER GEL 500ML,Cosmetics,nivea creme soft shower gel 500ml
NIVEA DEO 150ML ALL TYPE,Cosmetics,nivea deo 150ml all type
NIVEA DEO 25OML ALL TYPE,Cosmetics,nivea deo 25oml all type
NIVEA DEO SPRAY 250ML,Other / uncategorised,nivea deo spray 250ml
NIVEA LIP BALM 5.5ML,Other / uncategorised,nivea lip balm 5.5ml
NIVEA MEN ENERGY S/GEL 250ML,OTC,nivea men energy s/gel 250ml
NIVEA MEN SHAVE FOAM SENSITIVE 200ML,Other / uncategorised,nivea men shave foam sensitive 200ml
NIVEA MEN SHAVE MOISTURISING 200ML,Other / uncategorised,nivea men shave moisturising 200ml
NIVEA POST SHAVE BALM SENSITIVE 100ML,Other / uncategorised,nivea post shave balm sensitive 100ml
NIVEA RICH FIRMING BODY LOTION 25OML,Other / uncategorised,nivea rich firming body lotion 25oml
NIVEA ROLL ALL TYPES 50ML,Other / uncategorised,nivea roll all types 50ml
NIVEA SHOWER GEL ALL TYPES 250ML,Cosmetics,nivea shower gel all types 250ml
NIVEA SOFT CREAM 200ML,Other / uncategorised,nivea soft cream 200ml
NIZORAL CREAM 2% 15G,Pharmacy medicine,nizoral cream 2% 15g
NIZORAL CREAM 30G,Other / uncategorised,nizoral cream 30g
NIZORAL DANDRUFF SHAMPOO 100ML,OTC,nizoral dandruff shampoo 100ml
NIZORAL ITCHY & SENSITIVE SHAMPOO 200ML,Prescription medicine,nizoral itchy & sensitive shampoo 200ml
NIZORAL SHAMPOO 120ML,Prescription medicine,nizoral shampoo 120ml
NIZORAL SHAMPOO 60ML,Pharmacy medicine,nizoral shampoo 60ml
NO 10 LIVER SALT ALL TYPES 50'S,OTC,no 10 liver salt all types 50's
NOOTROPIL CAP 800MG 30'S,OTC,nootropil cap 800mg 30's
NOOTROPIL SYR 200MG/ML,Pharmacy medicine,nootropil syr 200mg/ml
NORFLOXACIN (NOLICIN) 400MG TABS 20'S,Prescription medicine,norfloxacin (nolicin) 400mg tabs 20's
NORMO TEARS EYE DROP 15ML,Pharmacy medicine,normo tears eye drop 15ml
NORVASC 10MG TABS 100'S,Other / uncategorised,norvasc 10mg tabs 100's
NORVASC 10MG(AMLODIPINE) 30',Prescription medicine,norvasc 10mg(amlodipine) 30'
NORVASC 5MGTABS 30'S (AMLODIPINE),Prescription medicine,norvasc 5mgtabs 30's (amlodipine)
NOSE MASK,Cosmetics,nose mask
NOSPA INJECTION,OTC,nospa injection
NOSPA TAB (DROTAVERINE) 40MG,Pharmacy medicine,nospa tab (drotaverine) 40mg
NOSTAMINE (NAPHAZOLINE) EYE/NOSE DROP 10ML,Pharmacy medicine,nostamine (naphazoline) eye/nose drop 10ml
NOVOFINE NEEDLES 32G,Pharmacy medicine,novofine needles 32g
NOVOMIX 30 FLEXPEN,Prescription medicine,novomix 30 flexpen
NUCLEO CMP FORTE CAPS30'S,Pharmacy medicine,nucleo cmp forte caps30's
NUGEL O SUSP 200ML,OTC,nugel o susp 200ml
NUGEL SUSP 200ML,OTC,nugel susp 200ml
NUROFEN 200MG TAB 12'S,OTC,nurofen 200mg tab 12's
NUROFEN CAPLETS 200MG 16'S,OTC,nurofen caplets 200mg 16's
NUROFEN COLD & FLU 200/5MG 8'S,OTC,nurofen cold & flu 200/5mg 8's
NUROFEN EXPRESS 200MG CAP 10'S,Other / uncategorised,nurofen express 200mg cap 10's
NUROFEN IBUPROFEN 200MG TAB 8'S,OTC,nurofen ibuprofen 200mg tab 8's
NUROFEN PLUS TAB 32'S,OTC,nurofen plus tab 32's
NUROFEN SYRUP 100ML,OTC,nurofen syrup 100ml
NYQUIL COLD/COUGH 236ML,Other / uncategorised,nyquil cold/cough 236ml
NYQUIL SEVERE COLD & FLU SYR 354ML,OTC,nyquil severe cold & flu syr 354ml
NYSTAN ORAL SOLUTION 30ML,Prescription medicine,nystan oral solution 30ml
NYTOL HERBAL SYRUP 100ML,Other / uncategorised,nytol herbal syrup 100ml
NYTOL HERBAL TAB 30',OTC,nytol herbal tab 30'
NYTOL ORIGINAL 25MG,Other / uncategorised,nytol original 25mg
O YES FEMININE WASH 200ML,Other / uncategorised,o yes feminine wash 200ml
OCEAN SPRAY CRANBERRY COKTAIL,Other / uncategorised,ocean spray cranberry coktail
ODOMOS MOSQUITO REPELLANT 25G,OTC,odomos mosquito repellant 25g
ODYMINE CAPS,Other / uncategorised,odymine caps
ODYYNE CAPS ( CIPROHEPTADINE) VEGA,OTC,odyyne caps ( ciproheptadine) vega
ODYYNE SYR ( CIPROHEPTADINE) VEGA,Prescription medicine,odyyne syr ( ciproheptadine) vega
OILATUM BAR SOAP 100G,OTC,oilatum bar soap 100g
OILATUM BATH FORMULA 150ML,Other / uncategorised,oilatum bath formula 150ml
OILATUM BATH FORMULA 300ML,Cosmetics,oilatum bath formula 300ml
OILATUM JUNIOR CREAM 500ML,Cosmetics,oilatum junior cream 500ml
OILATUM SHOWER GEL 150G,Other / uncategorised,oilatum shower gel 150g
OLANZAPINE 10MG 28'S VEGA,OTC,olanzapine 10mg 28's vega
OLANZAPINE 10MG TAB 30'S,Prescription medicine,olanzapine 10mg tab 30's
OLANZAPINE 2.5MG TAB 100'S,OTC,olanzapine 2.5mg tab 100's
OLANZAPINE 20MG TAB 28'S,OTC,olanzapine 20mg tab 28's
OLANZAPINE 5MG TAB 30'S UK,OTC,olanzapine 5mg tab 30's uk
OLANZAPINE TAB 5MG VEGA 100',Pharmacy medicine,olanzapine tab 5mg vega 100'
OLANZEPINE 2.5MG TABS 28'S,Other / uncategorised,olanzepine 2.5mg tabs 28's
OLAY BODY LOTION 502ML ALL TYPES,Cosmetics,olay body lotion 502ml all types
OLAY BODY WASH 700ML(23.6FL OZ),Cosmetics,olay body wash 700ml(23.6fl oz)
OLBAS BATH 250ML,Other / uncategorised,olbas bath 250ml
OLBAS INHALER 695,OTC,olbas inhaler 695
OLBAS INHALER TWIN PK,Other / uncategorised,olbas inhaler twin pk
OLBAS MENTHOL PASTILLES 45G,Other / uncategorised,olbas menthol pastilles 45g
OLBAS OIL ADULT,OTC,olbas oil adult
OLBAS OIL CHILDREN 12ML,OTC,olbas oil children 12ml
OLD SPICE BODY SPRAY 150ML ALL TYPES,Cosmetics,old spice body spray 150ml all types
OLD SPICE DEO SPRAY DEEP SEA 150ML,Other / uncategorised,old spice deo spray deep sea 150ml
OLD SPICE DEO STICK ALL TYPES,Cosmetics,old spice deo stick all types
OLD SPICE SHOWER GEL 1000ML,Other / uncategorised,old spice shower gel 1000ml
OLD SPICE XXL 3IN 1 SHOWER GEL 675ML,OTC,old spice xxl 3in 1 shower gel 675ml
OLLY PROBIOTIC PREBIOTIC 70',OTC,olly probiotic prebiotic 70'
OLOPATADINE 0.1 % EYE DROP 5ML,OTC,olopatadine 0.1 % eye drop 5ml
OMEGA OIL LINIMENT 50ML,OTC,omega oil liniment 50ml
OMEGA-H3 MUTLTIVITAMIN CAPS 30'S,OTC,omega-h3 mutltivitamin caps 30's
OMEPRAZOLE 20MG CAPS 28'S SANDOZ,Pharmacy medicine,omeprazole 20mg caps 28's sandoz
OMEPRAZOLE CAPS 40MG,OTC,omeprazole caps 40mg
OMEPRAZOLE INJ 40MG,Prescription medicine,omeprazole inj 40mg
OMEPRAZOLE/DOMPERIDONE (LIMZER) 20/30MG CAPS 30'S,Pharmacy medicine,omeprazole/domperidone (limzer) 20/30mg caps 30's
OMRON BLOOD PRESSURE MONITOR AUTO M2,OTC,omron blood pressure monitor auto m2
OMRON BLOOD PRESSURE MONITOR AUTO M7,OTC,omron blood pressure monitor auto m7
OMRON BP MONITOR M3,OTC,omron bp monitor m3
OMRON DIGITAL THERMOMETER,Pharmacy medicine,omron digital thermometer
OMRON PAIN RELIEVE MONITOR,Other / uncategorised,omron pain relieve monitor
ON CALL EXTRA GLUCOSE MONITOR,OTC,on call extra glucose monitor
ON CALL EXTRA STRIPS,OTC,on call extra strips
ON CALL LANCETS,OTC,on call lancets
ON CALL PLUS CODE FREE TEST STRIPS,Other / uncategorised,on call plus code free test strips
ON CALL PLUS GLUCOSE MONITOR,OTC,on call plus glucose monitor
ON CALL PLUS STRIPS,Other / uncategorised,on call plus strips
ONDANSETRON SOLUTION 50ML,Other / uncategorised,ondansetron solution 50ml
ONDANSETRON TAB 4MG,Pharmacy medicine,ondansetron tab 4mg
ONDANSETRON TAB 8MG 10'S,Other / uncategorised,ondansetron tab 8mg 10's
ONE A DAY MEN 300'S,OTC,one a day men 300's
ONE A DAY MENS 50+ VITAMINS 300',OTC,one a day mens 50+ vitamins 300'
ONE A DAY WOMENS 50+ VITAMINS,OTC,one a day womens 50+ vitamins
ONE A DAY WOMENS VITAMINS 300',OTC,one a day womens vitamins 300'
ONE TOUCH SELECT PLUS STRIPS,Other / uncategorised,one touch select plus strips
ONETOUCH SELECT PLUS METER (MACHINE),OTC,onetouch select plus meter (machine)
ONETOUCH SELECT PLUS STRIPS,Pharmacy medicine,onetouch select plus strips
ONETOUCH SELECT STRIPS 50'S,OTC,onetouch select strips 50's
ONETOUCH ULTRA STRIPS,Pharmacy medicine,onetouch ultra strips
OPTIMOL(TIMOLOL) EYE DROPS 5ML,OTC,optimol(timolol) eye drops 5ml
OPTISOFT COOLING EYE DROPS 10ML,Pharmacy medicine,optisoft cooling eye drops 10ml
OPTIVITE CAPSULES 30',Pharmacy medicine,optivite capsules 30'
OPTREX ALLERGY 2% EYE DROP 10ML,Pharmacy medicine,optrex allergy 2% eye drop 10ml
OPTREX BLOODSHOT EYE DROPS 10ML,OTC,optrex bloodshot eye drops 10ml
OPTREX BRIGHTENING EYE DROP,Pharmacy medicine,optrex brightening eye drop
OPTREX DULL EYE DROPS 10ML,Pharmacy medicine,optrex dull eye drops 10ml
OPTREX EYE WASH 100ML,OTC,optrex eye wash 100ml
OPTREX EYE WASH 300MLS,OTC,optrex eye wash 300mls
OPTREX HAYFEVER DROPS 10ML,Other / uncategorised,optrex hayfever drops 10ml
OPTREX ITCHY REFRESHING EYE DROPS 10ML,Pharmacy medicine,optrex itchy refreshing eye drops 10ml
OPTREX REFRESHING EYE DROP 1OML,Pharmacy medicine,optrex refreshing eye drop 1oml
OPTREX SOOTHING EYE DROPS 10ML,OTC,optrex soothing eye drops 10ml
ORAL B MOUTHWASH 500ML,Other / uncategorised,oral b mouthwash 500ml
ORAL B T/BRUSH 123,Other / uncategorised,oral b t/brush 123
ORAL B T/PASTE COMPLETE 75ML,Other / uncategorised,oral b t/paste complete 75ml
ORAL B TOOTHPASTE 123,Other / uncategorised,oral b toothpaste 123
ORDY-10 (TADALAFIL) TAB 30'S,OTC,ordy-10 (tadalafil) tab 30's
ORLISTAT 120MG CAPS 84 UK (XENICAL),Prescription medicine,orlistat 120mg caps 84 uk (xenical)
ORLISTAT 120MG CAPS 84'S,OTC,orlistat 120mg caps 84's
OSTEOCARE CHEWABLE,OTC,osteocare chewable
OSTEOCARE FIZZ TAB EFFERVESCENT,Prescription medicine,osteocare fizz tab effervescent
OSTEOCARE ORIGINAL 90',OTC,osteocare original 90'
OSTEOCARE ORIGINAL SYRUP 200ML,Prescription medicine,osteocare original syrup 200ml
OSTEOCARE ORIGINAL TAB UK 30',Pharmacy medicine,osteocare original tab uk 30'
OSTEOCARE PLUS GLUCOSAMINE & CHONDROITIN TABS 60'S,OTC,osteocare plus glucosamine & chondroitin tabs 60's
OSTEOCARE PLUS OMEGA 3 & SOY ISOFLAVONES 84'S,Prescription medicine,osteocare plus omega 3 & soy isoflavones 84's
OSTEOCARE SYR 200ML INDIA,OTC,osteocare syr 200ml india
OTIPAX SOLUTIONPHENAZONE /LIDOCAINE FOR EAR,Prescription medicine,otipax solutionphenazone /lidocaine for ear
OTRIVIN ADULT BLOCKED NOSE SPRAY,OTC,otrivin adult blocked nose spray
OTRIVIN NASAL DROPS 0.05% CHILDREN 10ML,Prescription medicine,otrivin nasal drops 0.05% children 10ml
OTRIVIN NASAL DROPS 0.1% ADULT,OTC,otrivin nasal drops 0.1% adult
OVACARE TABS 30'S,Other / uncategorised,ovacare tabs 30's
OVARIA ORANGE ALL TYPES,Other / uncategorised,ovaria orange all types
OVESTIN CREAM 1MG (ESTRIOL),Prescription medicine,ovestin cream 1mg (estriol)
OXYBUTYNIN 2.5MG TABS 56'S UK,Prescription medicine,oxybutynin 2.5mg tabs 56's uk
OXYBUTYNIN 5MG 100'S,OTC,oxybutynin 5mg 100's
OXYBUTYNIN 5MG TABS 56'S UK,Prescription medicine,oxybutynin 5mg tabs 56's uk
OXYPOL EYE OINTMENT,Pharmacy medicine,oxypol eye ointment
P-DIUM LOPERAMIDE HYDROCHLORIDE CAPS 2MG,Other / uncategorised,p-dium loperamide hydrochloride caps 2mg
PABIOVITE HIGH POTENCY 1 & 2 INJECTION,Prescription medicine,pabiovite high potency 1 & 2 injection
PAEDIATRIC VOLUMETRIC SPACER,Pharmacy medicine,paediatric volumetric spacer
PAINGAY CAPS 10'S (DICLOFENAC 100MG),Pharmacy medicine,paingay caps 10's (diclofenac 100mg)
PAINGAY GEL 30G,Other / uncategorised,paingay gel 30g
PALLY MORNING COFFEE BISCUITS,Other / uncategorised,pally morning coffee biscuits
PALM OLIVE MEN SHAVE CREAM CLASSIC 100ML,Cosmetics,palm olive men shave cream classic 100ml
PALMERS BODY LOTION FIRMING BUTTER 315ML,Other / uncategorised,palmers body lotion firming butter 315ml
PALMERS BODY LOTION SHEA BUTTER 250ML,Cosmetics,palmers body lotion shea butter 250ml
PALMERS BODY OIL COCONUT HYDRATE 150ML,Other / uncategorised,palmers body oil coconut hydrate 150ml
PALMERS BODY OIL SHEA BUTTER 250ML,Other / uncategorised,palmers body oil shea butter 250ml
PALMERS BUTTER BODY LOTION RAW SHEA 400ML,Other / uncategorised,palmers butter body lotion raw shea 400ml
PALMERS COCOA BT STRETCH MARKS 250ML,OTC,palmers cocoa bt stretch marks 250ml
PALMERS COCOA BUTTER SKIN THERAPY 250ML,Other / uncategorised,palmers cocoa butter skin therapy 250ml
PALMERS COCOA BUTTER SOFTENS LOTION 500ML,Cosmetics,palmers cocoa butter softens lotion 500ml
PALMERS COCOA BUTTER TUB 100G,Cosmetics,palmers cocoa butter tub 100g
PALMERS COCONUT HYDRATE BODY LOTION 250ML,Other / uncategorised,palmers coconut hydrate body lotion 250ml
PALMERS HAND CREAM SHEA BUTTER 60G,Other / uncategorised,palmers hand cream shea butter 60g
PALMERS LIP BALM 4GM,Other / uncategorised,palmers lip balm 4gm
PALMERS MEN LOTION COCOA BUTTER 250ML,Other / uncategorised,palmers men lotion cocoa butter 250ml
PALMOLIVE BAR SOAP 4PK 90GM,Other / uncategorised,palmolive bar soap 4pk 90gm
PALMOLIVE BATH 750ML,Other / uncategorised,palmolive bath 750ml
PALMOLIVE SHOWER GEL 500ML ALL TYPES,Cosmetics,palmolive shower gel 500ml all types
PALMOLIVE SHOWER GEL ALL TYPES ADULT 250ML,Cosmetics,palmolive shower gel all types adult 250ml
PALMOLIVE SHOWER GEL KIDS ALMOND 250ML,Cosmetics,palmolive shower gel kids almond 250ml
PALMOLIVE SOAP BAR,Other / uncategorised,palmolive soap bar
PALMOLIVE WASH MILK & HONEY 300ML,Other / uncategorised,palmolive wash milk & honey 300ml
PAMPERS BABY WIPES 52'S ALL TYPES,OTC,pampers baby wipes 52's all types
PANADOL ACTIFAST SOLUBLE 24S,OTC,panadol actifast soluble 24s
PANADOL ACTIFAST SOLUBLE TAB,OTC,panadol actifast soluble tab
PANADOL ADVANCE 500MG TABS 16'S,OTC,panadol advance 500mg tabs 16's
PANADOL EXTRA ADV. 500MG TAB 20'S,OTC,panadol extra adv. 500mg tab 20's
PANADOL EXTRA ADVANCE 100'S,OTC,panadol extra advance 100's
PANADOL NIGHT 20S,OTC,panadol night 20s
PANADOL ORIGINAL 500MG TAB 200'S,OTC,panadol original 500mg tab 200's
PANADOL PERIOD PAIN 14'S,OTC,panadol period pain 14's
PANTO-DENK 20MG 28',Pharmacy medicine,panto-denk 20mg 28'
PANTO-DENK 40MG TABS 28'S ( PANTOPRAZOLE ),Pharmacy medicine,panto-denk 40mg tabs 28's ( pantoprazole )
PARA-DENK SUPP 125MG ( PARACETAMOL) 10'S,OTC,para-denk supp 125mg ( paracetamol) 10's
PARACETAMOL (PARA-DENK ) 250MG SUPP 10'S,OTC,paracetamol (para-denk ) 250mg supp 10's
PARACETAMOL 1G SUPP GACET,Pharmacy medicine,paracetamol 1g supp gacet
PARACETAMOL 500MG TAB 20'S VEGA,OTC,paracetamol 500mg tab 20's vega
PARACETAMOL 500MG TAB UK 100'S,OTC,paracetamol 500mg tab uk 100's
PARACETAMOL 500MG TABS 32'S,OTC,paracetamol 500mg tabs 32's
PARACETAMOL INTRAVENOUS INFUSION 1G/100ML,Prescription medicine,paracetamol intravenous infusion 1g/100ml
PARACETAMOL SUPP (GACET) 250MG SUPP,Other / uncategorised,paracetamol supp (gacet) 250mg supp
PARACETAMOL SUPP 500MG,Pharmacy medicine,paracetamol supp 500mg
PARACETAMOL SYRUP 100ML VEGA,Other / uncategorised,paracetamol syrup 100ml vega
PARACETAMOL SYRUP UK 125ML 100ML,OTC,paracetamol syrup uk 125ml 100ml
PARACETAMOL TABS 500MG 1000'S (BLISTEX),OTC,paracetamol tabs 500mg 1000's (blistex)
PARACETAMOL TABS 500MG 16'S,OTC,paracetamol tabs 500mg 16's
PARACETAMOL(CALPOL) 250ML/5ML SUSP 6YRS+ 80ML,OTC,paracetamol(calpol) 250ml/5ml susp 6yrs+ 80ml
PARLODEL 2.5MG TAB (BROMOKRIPTIN) 30'S,Prescription medicine,parlodel 2.5mg tab (bromokriptin) 30's
PAROXETINE 20MG 28'S,Other / uncategorised,paroxetine 20mg 28's
PATANOL(OLOPATADINE) 0.1% EYE DROP 5ML,OTC,patanol(olopatadine) 0.1% eye drop 5ml
PEACH CLOVE OIL 10ML,OTC,peach clove oil 10ml
PECOS TABS 30'S,Other / uncategorised,pecos tabs 30's
PEDIASURE DRINK 237ML,"Food, drinks & essentials",pediasure drink 237ml
PEITEL (PREDNICARBATE) CREAM 0.25%,Other / uncategorised,peitel (prednicarbate) cream 0.25%
PEMETHRIN CREAM,OTC,pemethrin cream
PENICILLIN OINTMENT 20GM,OTC,penicillin ointment 20gm
PEPPA PIG BATH & SHOWER BUBBLES 400ML,Other / uncategorised,peppa pig bath & shower bubbles 400ml
PEPSODENT CHARCOAL T/PASTE 130G LEMON,OTC,pepsodent charcoal t/paste 130g lemon
PEPTO BISMOL 118ML,Prescription medicine,pepto bismol 118ml
PEPTO BISMOL 236ML (SMALL),OTC,pepto bismol 236ml (small)
PEPTO BISMOL 354ML,Pharmacy medicine,pepto bismol 354ml
PEPTO KIDS GUMMIES 48',OTC,pepto kids gummies 48'
PERFECTIL MAX,OTC,perfectil max
PERFECTIL ORIGINAL TRIPLE ACTIVE TAB,Other / uncategorised,perfectil original triple active tab
PERFECTIL PLATINUM TABS 60'S,OTC,perfectil platinum tabs 60's
PERFECTIL PLUS HAIR,OTC,perfectil plus hair
PERFECTIL SKIN PLUS CAPS 56'S VITABIOTICS,OTC,perfectil skin plus caps 56's vitabiotics
PERMETHRIN 1% SOAP,OTC,permethrin 1% soap
PERMETHRIN 5% CREAM,Prescription medicine,permethrin 5% cream
PERMETHRIN CREAM 5% SANDOZ,Prescription medicine,permethrin cream 5% sandoz
PERMOXYL AMOXICILLIN SUSP 100ML ECL,Prescription medicine,permoxyl amoxicillin susp 100ml ecl
PERMOXYL CAPS 250MG 500'S,Other / uncategorised,permoxyl caps 250mg 500's
PERMOXYL CAPS 500MG,OTC,permoxyl caps 500mg
PETHIDINE INJ 100MG/2ML 10'S,Prescription medicine,pethidine inj 100mg/2ml 10's
PHENOBARBITONE 60MG TAB,Pharmacy medicine,phenobarbitone 60mg tab
PHLEBODIA 600MG CAPS 15'S (DIOSMIN),Prescription medicine,phlebodia 600mg caps 15's (diosmin)
PHYTOMENADIONE INJ ( VIT K 1) 1ML,Prescription medicine,phytomenadione inj ( vit k 1) 1ml
PIKOVIT SYRUP 150ML,OTC,pikovit syrup 150ml
PILEX OINTMENT 30G HIMALAYA,Herbal,pilex ointment 30g himalaya
PILEX TABS 100'S,Herbal,pilex tabs 100's
PILL CUTTER,Other / uncategorised,pill cutter
PIOGLITAZONE TAB 15MG,Other / uncategorised,pioglitazone tab 15mg
PIOGLITAZONE TAB 30MG,Other / uncategorised,pioglitazone tab 30mg
PIP OFF GEL,Other / uncategorised,pip off gel
PIRINASE ALLERGY NASAL SPRAY 0.005% (FLUTICASONE PROPANIOTE),Pharmacy medicine,pirinase allergy nasal spray 0.005% (fluticasone propaniote)
PIRITEZE (CETRIZINE) ALLERGY RELIEF SYR 2YRS 70ML,OTC,piriteze (cetrizine) allergy relief syr 2yrs 70ml
PIRITEZE ALLERGY TAB (CETRIZINE TAB 10MG) 14',OTC,piriteze allergy tab (cetrizine tab 10mg) 14'
PIRITEZE TAB 10MG TAB (CETRIZINE) 7',OTC,piriteze tab 10mg tab (cetrizine) 7'
PIRITON ALLERGY TAB 10MG 30S,Pharmacy medicine,piriton allergy tab 10mg 30s
PIRITON CHILDREN'S SYRUP 150ML 1+ YRS,OTC,piriton children's syrup 150ml 1+ yrs
PLENDIL TABS 10MG 30'S,Pharmacy medicine,plendil tabs 10mg 30's
PLENDIL TABS 5MG 30'S,Pharmacy medicine,plendil tabs 5mg 30's
PODOPHYLLIN CREAM 0.15%,OTC,podophyllin cream 0.15%
PODOWART (PODOPHYLLIN RESIN SOLUTION),Prescription medicine,podowart (podophyllin resin solution)
POLAR ICE,Other / uncategorised,polar ice
POLAR ICE TUBE,OTC,polar ice tube
POLGYNAX PESS 12'S,OTC,polgynax pess 12's
POLYFER CAPS,OTC,polyfer caps
POLYFER FORT SYRUP 200ML,Pharmacy medicine,polyfer fort syrup 200ml
POLYFER SYRUP 150ML,OTC,polyfer syrup 150ml
POLYFER SYRUP 50ML,Other / uncategorised,polyfer syrup 50ml
POLYGYNAX VAGINAL CAPSULE 12'S,Pharmacy medicine,polygynax vaginal capsule 12's
POLYGYNAX VAGINAL PESS 6',Prescription medicine,polygynax vaginal pess 6'
POSTINOR 2 ORIGINAL TAB 0.75MG 2'S,Pharmacy medicine,postinor 2 original tab 0.75mg 2's
POT-CIT 150ML (MIST POTASSIUM CITRATE),Pharmacy medicine,pot-cit 150ml (mist potassium citrate)
POTASSIUM PERMANGANATE CRYSTAL,OTC,potassium permanganate crystal
PRAZIQUANTEL 600MG TAB 10'S,Prescription medicine,praziquantel 600mg tab 10's
PREBALYN-75 CAPS (PREGABALIN 75MG),Pharmacy medicine,prebalyn-75 caps (pregabalin 75mg)
PREDNISOLONE (PRED FORTE) 1% DROPS 5ML,OTC,prednisolone (pred forte) 1% drops 5ml
PREDNISOLONE ACETATE EYE DROP 0.5% 5ML VEGA,Other / uncategorised,prednisolone acetate eye drop 0.5% 5ml vega
PREDNISOLONE TABS 5MG 28'S UK,Pharmacy medicine,prednisolone tabs 5mg 28's uk
PREDNISOLONE TABS 5MG 500'S ECL,OTC,prednisolone tabs 5mg 500's ecl
PREGABABLIN ( LYRICA) 150MG CAPS 28'S,Pharmacy medicine,pregabablin ( lyrica) 150mg caps 28's
PREGABABLIN ( LYRICA) 75MG CAPS 28'S,Pharmacy medicine,pregabablin ( lyrica) 75mg caps 28's
PREGABALIN & METHYLCOBALAMIN CAPS 75MG/750MCG VEGA,Prescription medicine,pregabalin & methylcobalamin caps 75mg/750mcg vega
PREGABALIN & METHYLOCOBALAMIN CAPS 75MG/750MCG 30'S VEGA UK,OTC,pregabalin & methylocobalamin caps 75mg/750mcg 30's vega uk
PREGABALIN (LYRICA) 25MG CAPS 28'S,Prescription medicine,pregabalin (lyrica) 25mg caps 28's
PREGABALIN 75MG 30'S VEGA,Prescription medicine,pregabalin 75mg 30's vega
PREGABALIN 75MG CAPS 3O' SANDOZ,Prescription medicine,pregabalin 75mg caps 3o' sandoz
PREGASAFE 75M,Pharmacy medicine,pregasafe 75m
PREGNACARE BREAST-FEEDING TABS 84'S,OTC,pregnacare breast-feeding tabs 84's
PREGNACARE CONCEPTION CAPS 30'S,OTC,pregnacare conception caps 30's
PREGNACARE CONCEPTION HIM & HER 60'S,OTC,pregnacare conception him & her 60's
PREGNACARE MAX PACK VITABIOTICS,OTC,pregnacare max pack vitabiotics
PREGNACARE NEW MUM,OTC,pregnacare new mum
PREGNACARE ORIGINAL 19 VITS,Prescription medicine,pregnacare original 19 vits
PREGNACARE PLUS OMEGA 3 CAPS 56'S,Prescription medicine,pregnacare plus omega 3 caps 56's
PREGNANCY RAPID TEST KIT 25'S,OTC,pregnancy rapid test kit 25's
PREGNANCY TEST CASSETTE PACK PANACEA,OTC,pregnancy test cassette pack panacea
PREMECO (PREGABALIN 75MG & MECOBALAMIN 750MCG) CAPS,Pharmacy medicine,premeco (pregabalin 75mg & mecobalamin 750mcg) caps
PRIMOLUT DEPOT INJ 250MG,Prescription medicine,primolut depot inj 250mg
PRIMOLUT N(NORETHISTERONE) 5MG TAB 30'S,Prescription medicine,primolut n(norethisterone) 5mg tab 30's
PRINGLES 40G 12'S,"Food, drinks & essentials",pringles 40g 12's
PRINGLES 70G,"Food, drinks & essentials",pringles 70g
PRITEZE ALLERGY RELIEF TABS 7S,Other / uncategorised,priteze allergy relief tabs 7s
PROCOLD FLU TAB,OTC,procold flu tab
PROCOLD SYRUP 100ML,Other / uncategorised,procold syrup 100ml
PROCOMIL SPRAY 15ML,Pharmacy medicine,procomil spray 15ml
PROCOMIL TAB 5MG 30'S,Pharmacy medicine,procomil tab 5mg 30's
PROGESTERONE (CYCLOGEST) 200MG PESSARIES,Prescription medicine,progesterone (cyclogest) 200mg pessaries
PROGESTERONE (CYCLOGEST) 400MG PESSARIES,Prescription medicine,progesterone (cyclogest) 400mg pessaries
PROGYNOVA 2MG TABS 84'S,OTC,progynova 2mg tabs 84's
PROMAN 50+ CAPS 30'S,OTC,proman 50+ caps 30's
PROMAN VITAMINS DRINK,"Food, drinks & essentials",proman vitamins drink
PROMETHAZINE INJECTION 50/2ML,Prescription medicine,promethazine injection 50/2ml
PROMETHAZINE SYRUP 60ML,Prescription medicine,promethazine syrup 60ml
PROPRANOLOL 10MG TABS 28'S,Pharmacy medicine,propranolol 10mg tabs 28's
PROPRANOLOL 40MG TABS 28,Pharmacy medicine,propranolol 40mg tabs 28
PROPRANOLOL 80MG 56'S,OTC,propranolol 80mg 56's
PROPRANOLOL TABS 40MG 500'S,Pharmacy medicine,propranolol tabs 40mg 500's
PROSTA JOY CAPS,OTC,prosta joy caps
PROSTACARE CAP 30'S MEGA,Other / uncategorised,prostacare cap 30's mega
PROSTACURE CAPS 30'S (MEDIMOSES),Prescription medicine,prostacure caps 30's (medimoses)
PROSTACURE TEA,OTC,prostacure tea
PROSTAMAX TAB ADV FORMULA,Pharmacy medicine,prostamax tab adv formula
PROSTAN EYE DROP,Prescription medicine,prostan eye drop
PROSTAT 60'S,Pharmacy medicine,prostat 60's
PROSTAVITE CAPS,"Food, drinks & essentials",prostavite caps
PROSTEEZ TAB 20'S,Prescription medicine,prosteez tab 20's
PROTEIN SHAKE 1KG (BODY BULDER),OTC,protein shake 1kg (body bulder)
PROVERA 10MG 30'S,Prescription medicine,provera 10mg 30's
PROVERA 5MG 10S,Prescription medicine,provera 5mg 10s
PROWOMAN 50+ CAPS 30'S,Pharmacy medicine,prowoman 50+ caps 30's
PROWOMAN CAN DRINK,"Food, drinks & essentials",prowoman can drink
PROXEED PLUS MAN,Other / uncategorised,proxeed plus man
"PROXEED WOMEN L-CARNITINE ACETYL SACHET 30,S",Pharmacy medicine,"proxeed women l-carnitine acetyl sachet 30,s"
PULMICORT (BUDESONIDE) NEBULES 0.5MG/ML,Pharmacy medicine,pulmicort (budesonide) nebules 0.5mg/ml
PUNCH & JUDY STRAWBERRY TP 50ML,Cosmetics,punch & judy strawberry tp 50ml
PURDEY'S ENERGY DRINK,"Food, drinks & essentials",purdey's energy drink
PURE 3IN1 WIPES 25'S,Other / uncategorised,pure 3in1 wipes 25's
PURE COD LIVER OIL AYRTON 150MLS,OTC,pure cod liver oil ayrton 150mls
PYLIN CAPS,OTC,pylin caps
PYLIN OINT,OTC,pylin oint
QUADRAJEL 15G,OTC,quadrajel 15g
QUETIAPINE 100MG TAB 60'S,Prescription medicine,quetiapine 100mg tab 60's
QUETIAPINE 200MG TAB 60'S,Pharmacy medicine,quetiapine 200mg tab 60's
QUETIAPINE 25MG TAB 60'S,OTC,quetiapine 25mg tab 60's
QUETIAPINE 300MG TAB 60'S,Pharmacy medicine,quetiapine 300mg tab 60's
QUNOL EXTRA STRENGTH TURMERIC 1000MG 150'S,OTC,qunol extra strength turmeric 1000mg 150's
RABEPRAZOLE ( PARIET) 20MG TABS 14'S,Pharmacy medicine,rabeprazole ( pariet) 20mg tabs 14's
RAID INSECTICIDE SPRAY LONG,Other / uncategorised,raid insecticide spray long
RAMIPRIL 10MG CAPS 28'S UK,Prescription medicine,ramipril 10mg caps 28's uk
RAMIPRIL TAB 2.5MG 28' UK,Prescription medicine,ramipril tab 2.5mg 28' uk
RAMIPRIL TAB 5MG UK,Prescription medicine,ramipril tab 5mg uk
RANGERS LACTATE (RL) INFUSION 500ML BLUE AID,Prescription medicine,rangers lactate (rl) infusion 500ml blue aid
RAPID TYPHOID TEST,Other / uncategorised,rapid typhoid test
RAPINOL TABS 25'S,Pharmacy medicine,rapinol tabs 25's
REACH LISTERINE TOOTHBRUSH 1,Other / uncategorised,reach listerine toothbrush 1
REACH TOOTHBRUSH SINGLE,Other / uncategorised,reach toothbrush single
REACH TOOTHBRUSH TWIN,Cosmetics,reach toothbrush twin
RECOVERY XO FITNESS COLLAGEN 240G POWDER,Other / uncategorised,recovery xo fitness collagen 240g powder
RED BULL ENERGY DRINK 250ML,"Food, drinks & essentials",red bull energy drink 250ml
REDSUN SILDENAFIL JELLY 100MG,Pharmacy medicine,redsun sildenafil jelly 100mg
REFRESH LIQUIGEL EYE DROP 15ML,Prescription medicine,refresh liquigel eye drop 15ml
REFRESH TEARS EYE DROPS 15ML,OTC,refresh tears eye drops 15ml
REGAINE FOR MEN 60ML,OTC,regaine for men 60ml
REGAINE FOR WOMEN,OTC,regaine for women
RELESTAT (EPINASTINE) 0.5MG/ML,Prescription medicine,relestat (epinastine) 0.5mg/ml
RENALKA SYR.,Pharmacy medicine,renalka syr.
RENERVE PLUS 30',Pharmacy medicine,renerve plus 30'
RENERVE PLUS BT TABS 30'S,Other / uncategorised,renerve plus bt tabs 30's
RENNIE PEPPERMINT 24'S,Pharmacy medicine,rennie peppermint 24's
RESCOFER BLOOD TONIC 200ML,OTC,rescofer blood tonic 200ml
REST WELL (MELATONIN) TAB 6MG,Other / uncategorised,rest well (melatonin) tab 6mg
RHINA PHYTO SYRUP 100ML,Prescription medicine,rhina phyto syrup 100ml
RHINATHIOL EXPECTORANT ADULT 125ML,OTC,rhinathiol expectorant adult 125ml
RHINATHIOL INFANT 125ML,Prescription medicine,rhinathiol infant 125ml
RHINATHIOL PROMETHAZINE SYR,OTC,rhinathiol promethazine syr
RHIZIN CETIRIZINE SYR 30ML (KINAPHARMA),Other / uncategorised,rhizin cetirizine syr 30ml (kinapharma)
RHIZIN TABS,OTC,rhizin tabs
RIBENA DRINK 250ML,"Food, drinks & essentials",ribena drink 250ml
RIGHT GUARD 150ML ALL TYPES,Cosmetics,right guard 150ml all types
RIGHT GUARD 250MLSPRAY ALL TYPES,Other / uncategorised,right guard 250mlspray all types
RIGHT GUARD ROLL ON 50ML,Other / uncategorised,right guard roll on 50ml
RISPERIDONE 2MG 100'S INTAS,OTC,risperidone 2mg 100's intas
RISPERIDONE 2MG 60'S UK,Other / uncategorised,risperidone 2mg 60's uk
RISPERIDONE 2MG EXETER 28',OTC,risperidone 2mg exeter 28'
RISPERIDONE 2MG TAB 100'S VEGA,Prescription medicine,risperidone 2mg tab 100's vega
RISPERIDONE 2MG TAB 28' VEGA,Prescription medicine,risperidone 2mg tab 28' vega
RISPERIDONE 3MG 60'S UK,OTC,risperidone 3mg 60's uk
RISPERIDONE 4MG TAB VEGA,Other / uncategorised,risperidone 4mg tab vega
RISPERIDONE TAB 1MG 60'S,OTC,risperidone tab 1mg 60's
RISPERIDONE TAB 3MG 100'S VEGA,OTC,risperidone tab 3mg 100's vega
RIVAROX 15,OTC,rivarox 15
RIVAROX 20MG 28'S,Other / uncategorised,rivarox 20mg 28's
RIVAROXABAN 10MG 28'S UK,Prescription medicine,rivaroxaban 10mg 28's uk
ROBAXIN 750MG TABS 100'S (METHOCARBAMOL),Pharmacy medicine,robaxin 750mg tabs 100's (methocarbamol)
ROBB JAR 23ML,Pharmacy medicine,robb jar 23ml
ROBERT GLYCERINE 30ML,Other / uncategorised,robert glycerine 30ml
ROBERT GLYCERINE 90ML,Other / uncategorised,robert glycerine 90ml
ROBITUSSIN CHESTY COUGH 100ML,Pharmacy medicine,robitussin chesty cough 100ml
ROBITUSSIN DRY COUGH 100ML,Pharmacy medicine,robitussin dry cough 100ml
ROBITUSSIN DRY COUGH 250ML,OTC,robitussin dry cough 250ml
ROBITUSSIN HONEY 118ML,Other / uncategorised,robitussin honey 118ml
ROBITUSSIN PLUS MUCUS CONGESTION 100ML,OTC,robitussin plus mucus congestion 100ml
ROCEPHIN CEFTRIAXONE 2G I.V,Prescription medicine,rocephin ceftriaxone 2g i.v
ROCEPHIN INJ 1G IV,Prescription medicine,rocephin inj 1g iv
ROCK N ROLL CONDOM,"Food, drinks & essentials",rock n roll condom
RONFIT FORTE TAB,Pharmacy medicine,ronfit forte tab
ROOTER LIFE,OTC,rooter life
ROOTER MIXTURE 750ML,OTC,rooter mixture 750ml
ROOTER TONIC 750ML,OTC,rooter tonic 750ml
ROSUVASTATIN 10MG TAB 28'S,Prescription medicine,rosuvastatin 10mg tab 28's
ROSUVASTATIN 20MG TEVA,Other / uncategorised,rosuvastatin 20mg teva
ROSUVASTATIN 40MG UK,Other / uncategorised,rosuvastatin 40mg uk
ROSUVASTATIN 5MG TAB 28'S,OTC,rosuvastatin 5mg tab 28's
ROUGH RIDER CONDOM FO 3'S,OTC,rough rider condom fo 3's
RUGBY ACNE MEDICATION (BENZOYL PEROXIDE) GEL 10%,Prescription medicine,rugby acne medication (benzoyl peroxide) gel 10%
RUGBY ACNE MEDICATION BENZOYL PEROXIDE 5%,OTC,rugby acne medication benzoyl peroxide 5%
SALACTOL WART PAINT 10ML,Other / uncategorised,salactol wart paint 10ml
SALAMOL CFC FREE INHALER,Pharmacy medicine,salamol cfc free inhaler
SALBUTALIN SYRUP 200ML,Prescription medicine,salbutalin syrup 200ml
SALBUTAMOL 4MG TAB 500'S,Prescription medicine,salbutamol 4mg tab 500's
SALBUTAMOL INHALER,OTC,salbutamol inhaler
SALBUTAMOL NEBULES 5MG,Pharmacy medicine,salbutamol nebules 5mg
SALBUTAMOL NEBULISER 2.5MG VEGA,Other / uncategorised,salbutamol nebuliser 2.5mg vega
SALICYLATE 2% OINT 40G,OTC,salicylate 2% oint 40g
SALINE NASAL DROP LOCAL,OTC,saline nasal drop local
SALINE NASAL DROP UK,OTC,saline nasal drop uk
SALO C+ ZINC SYR,Pharmacy medicine,salo c+ zinc syr
SALO COLD 100ML SD SYRUP,Pharmacy medicine,salo cold 100ml sd syrup
SALO COLD TAB,Other / uncategorised,salo cold tab
SAMALIN ADULT COUGH SYRUP 100ML,OTC,samalin adult cough syrup 100ml
SAMALIN ADULT NON DROWSY 125ML,OTC,samalin adult non drowsy 125ml
SAMALIN JNR COUGH SYRUP 125ML,OTC,samalin jnr cough syrup 125ml
SAMALIN JNR NON DROWSY SYRUP 125ML,OTC,samalin jnr non drowsy syrup 125ml
SAMALIN LOZENGES,OTC,samalin lozenges
SAMOCID TINTURE (DAKTARIN TINCTURE),OTC,samocid tinture (daktarin tincture)
SAVLON ANTISEPTIC 250ML,Pharmacy medicine,savlon antiseptic 250ml
SAVLON ANTISEPTIC 500MLS,Cosmetics,savlon antiseptic 500mls
SAVLON ANTISEPTIC 750ML,Pharmacy medicine,savlon antiseptic 750ml
SAVLON ANTISEPTIC 75ML,Pharmacy medicine,savlon antiseptic 75ml
SAVLON ANTISEPTIC CREAM 30G,OTC,savlon antiseptic cream 30g
SAVLON ANTISEPTIC CREAM 50G,Cosmetics,savlon antiseptic cream 50g
SCARLESS SILICONE GEL,Other / uncategorised,scarless silicone gel
SCENTED CANDLES 411G,Cosmetics,scented candles 411g
SCHERIPROCT OINTMENT (PREDNISOLONE HEX/ CINCOCAINE HCL) 30 G,Prescription medicine,scheriproct ointment (prednisolone hex/ cincocaine hcl) 30 g
SE' CLEAR EYE DROPS 10ML,OTC,se' clear eye drops 10ml
SEBA CLEANSING BAR 150GM,Other / uncategorised,seba cleansing bar 150gm
SEBA REPAIR LOTION 200ML,Other / uncategorised,seba repair lotion 200ml
SEBAMED B B BATH 500ML,Cosmetics,sebamed b b bath 500ml
SEBAMED BABY BATHING BAR 100G,Cosmetics,sebamed baby bathing bar 100g
SEBAMED BABY LOTION 750ML,Other / uncategorised,sebamed baby lotion 750ml
SEBAMED FACE AND BODY WASH 300ML,Other / uncategorised,sebamed face and body wash 300ml
SECNIDAZOLE 1000MG TABS 2'S VEGA UK,OTC,secnidazole 1000mg tabs 2's vega uk
SECNIDEX SECNIDAZOLE TABS 2'S EXETER,OTC,secnidex secnidazole tabs 2's exeter
SECURE TABS 28'S,OTC,secure tabs 28's
SELEVITE TABS 30'S,OTC,selevite tabs 30's
SELEVITE-P TABS 30'S,Pharmacy medicine,selevite-p tabs 30's
SELSUN SHAMPOO,Pharmacy medicine,selsun shampoo
SENACOT TAB 7.5MG ADULT,OTC,senacot tab 7.5mg adult
SENOKOT TABS 20'S,Other / uncategorised,senokot tabs 20's
SENSODYN COOL MINT T/P 75ML,OTC,sensodyn cool mint t/p 75ml
SENSODYN GENTLE WHITENING 75ML,OTC,sensodyn gentle whitening 75ml
SENSODYN TOOTHBRUSH 3'S,Other / uncategorised,sensodyn toothbrush 3's
SENSODYNE COOL MINT T/P,Other / uncategorised,sensodyne cool mint t/p
SENSODYNE EXTRA/ADVANCE WHITENING T/PASTE,OTC,sensodyne extra/advance whitening t/paste
SENSODYNE RAPID PAST,OTC,sensodyne rapid past
SEPTILIN SYR 100ML,Other / uncategorised,septilin syr 100ml
SEPTILIN TABS 100'S,Pharmacy medicine,septilin tabs 100's
SERETIDE INHALER 50/100MCG,OTC,seretide inhaler 50/100mcg
SERETIDE INHALER 50/250MCG,OTC,seretide inhaler 50/250mcg
SERTRALINE 100MG TAB 28'S,Prescription medicine,sertraline 100mg tab 28's
SERTRALINE 50MG TAB 28'S,Pharmacy medicine,sertraline 50mg tab 28's
SETLERS CHEWABLE ANTACID TAB 24',Other / uncategorised,setlers chewable antacid tab 24'
SEVEN CLO MAX STRENGTH LIQUID 150ML,Other / uncategorised,seven clo max strength liquid 150ml
SEVEN SEAS CLO + MULTIVITAMINS 90'S,Pharmacy medicine,seven seas clo + multivitamins 90's
SEVEN SEAS CLO MAXIMUM STRENGTH 60'S,OTC,seven seas clo maximum strength 60's
SEVEN SEAS CLO ORIGINAL LIQUID 150ML,Pharmacy medicine,seven seas clo original liquid 150ml
SEVEN SEAS CLO SYR + OMEGA 3 FISH OIL 100ML,Pharmacy medicine,seven seas clo syr + omega 3 fish oil 100ml
SEVEN SEAS COD LIVER OIL 120'S,Other / uncategorised,seven seas cod liver oil 120's
SEVEN SEAS JOINTCARE ACTIVE 30'S,Pharmacy medicine,seven seas jointcare active 30's
SEVEN SEAS OMEGA 3 & MULTIV WOMEN 60'S,Other / uncategorised,seven seas omega 3 & multiv women 60's
SEVEN SEAS OMEGA 3 DAILY CAPS 30'S,Other / uncategorised,seven seas omega 3 daily caps 30's
SEVEN SEAS OMEGA 3 MAX STRENGTH CAPS 30'S,Other / uncategorised,seven seas omega 3 max strength caps 30's
SEVEN SEAS PERFECT MA N PLUS 7,OTC,seven seas perfect ma n plus 7
SEVEN SEAS TRYING FOR BABY,OTC,seven seas trying for baby
SEVEN SEED COLD LIVER OIL ONE A DAY CAPS 60'S,Other / uncategorised,seven seed cold liver oil one a day caps 60's
SHOULDER SUPPORT,OTC,shoulder support
SIBI MEN CAPS 20G 30'S,OTC,sibi men caps 20g 30's
SIBI WOMEN CAPS,OTC,sibi women caps
SILDENAFIL 100MG 4'S UK,Other / uncategorised,sildenafil 100mg 4's uk
SILDENAFIL 100MG TABS 4'S PFIZER,OTC,sildenafil 100mg tabs 4's pfizer
SILDENAFIL 100MG TABS 4'S TEVA,Prescription medicine,sildenafil 100mg tabs 4's teva
SILDENAFIL 25MG 4'S,OTC,sildenafil 25mg 4's
SILDENAFIL 25MG TABS 8'S,Prescription medicine,sildenafil 25mg tabs 8's
SILDENAFIL 50MG 4'S,OTC,sildenafil 50mg 4's
SILDENAFIL 50MG 8'S UK,OTC,sildenafil 50mg 8's uk
SILDENAFIL TABS 50MG 8'S TEVA,Pharmacy medicine,sildenafil tabs 50mg 8's teva
SILICON GEL,Pharmacy medicine,silicon gel
SILVER BIRD OIL 30ML,OTC,silver bird oil 30ml
SILVERDERMA 1% CREAM 50G,Pharmacy medicine,silverderma 1% cream 50g
SIMETICONE SUSP 55ML 40MG/1ML ( INFACOL),OTC,simeticone susp 55ml 40mg/1ml ( infacol)
SIMETICONE/ ALVERINE ( AVARIN) 300MG/60MG CAPS 50'S,OTC,simeticone/ alverine ( avarin) 300mg/60mg caps 50's
SIMPLE APA SPRAY 250ML ALL TYPES,Other / uncategorised,simple apa spray 250ml all types
SIMPLE CLEANSING FACIAL WIPES 25'S,Other / uncategorised,simple cleansing facial wipes 25's
SIMPLE CLEAR PORE SCRUB 150ML,Other / uncategorised,simple clear pore scrub 150ml
SIMPLE FACE WASH GEL 150ML,Other / uncategorised,simple face wash gel 150ml
SIMPLE HAIR & BODYWASH KIDS 225ML,Other / uncategorised,simple hair & bodywash kids 225ml
SIMPLE MICELLAR CLEANSING WATER 200ML,Other / uncategorised,simple micellar cleansing water 200ml
SIMPLE MOISTURISER ALL TYPES,Other / uncategorised,simple moisturiser all types
SIMPLE ROLL ON 45ML,Other / uncategorised,simple roll on 45ml
SIMVASTATIN 10MG 28'S,OTC,simvastatin 10mg 28's
SIMVASTATIN 20MG 28',Pharmacy medicine,simvastatin 20mg 28'
SIMVASTATIN 40MG TAB 28'S,Prescription medicine,simvastatin 40mg tab 28's
SIMVASTATIN 80MG TABS 28'S,OTC,simvastatin 80mg tabs 28's
SINEMET 10MG/100MG TABS 100'S,Prescription medicine,sinemet 10mg/100mg tabs 100's
SINEMET 12.5/50MG 90'S TABS,Pharmacy medicine,sinemet 12.5/50mg 90's tabs
SINEMET PLUS 25MG/100MG TABS 100'S,Prescription medicine,sinemet plus 25mg/100mg tabs 100's
SINUTAB TABS,Pharmacy medicine,sinutab tabs
SIRDALUD TABS 2MG 20'S,Pharmacy medicine,sirdalud tabs 2mg 20's
SIRDALUD TABS 4MG 30'S,Pharmacy medicine,sirdalud tabs 4mg 30's
SIVODERM CREAM,Other / uncategorised,sivoderm cream
SIVODERM POWDER,OTC,sivoderm powder
SKINOREN 30G,OTC,skinoren 30g
SKYCEF 500MG TABS 10'S,Other / uncategorised,skycef 500mg tabs 10's
SKYN CONDOM 3',OTC,skyn condom 3'
SLEEP AID 48'S,OTC,sleep aid 48's
SLEEPNITE VITABIOTICS,OTC,sleepnite vitabiotics
SLOW-K 600MG,Pharmacy medicine,slow-k 600mg
SMA 1 CAN 400G,Baby & infant,sma 1 can 400g
SMA 1 CAN 800G,"Food, drinks & essentials",sma 1 can 800g
SMA 2 CAN 800G,"Food, drinks & essentials",sma 2 can 800g
SMA 3 800G,Baby & infant,sma 3 800g
SMA PRO 1 800G,Other / uncategorised,sma pro 1 800g
SMA PRO 2 800G,Baby & infant,sma pro 2 800g
SMA PRO 3 800G,"Food, drinks & essentials",sma pro 3 800g
SNAPPLE JUICE 473ML,"Food, drinks & essentials",snapple juice 473ml
SNICKERS CHOCOLATE BAR SINGLE 125.9G,"Food, drinks & essentials",snickers chocolate bar single 125.9g
SODIUM BICARBONATE 500MG CAPS 100'S,Prescription medicine,sodium bicarbonate 500mg caps 100's
SODIUM BICARBONATE EAR DROP 10ML,Other / uncategorised,sodium bicarbonate ear drop 10ml
SODIUM CHLORIDE (NS) INFUSION 0.9% 500ML,Prescription medicine,sodium chloride (ns) infusion 0.9% 500ml
SODIUM CROMOGLYCATE 2% EYE DROPS 10ML VEGA,Other / uncategorised,sodium cromoglycate 2% eye drops 10ml vega
SODIUM CROMOGLYCATE 4% EYE DROPS 10ML VEGA,Other / uncategorised,sodium cromoglycate 4% eye drops 10ml vega
SODIUM VALPROATE ( EPILIM) 200MG TABS'S 100'S,Prescription medicine,sodium valproate ( epilim) 200mg tabs's 100's
SODIUM VALPROATE ( EPILIM) 200MG/5MLSYR 300ML,Prescription medicine,sodium valproate ( epilim) 200mg/5mlsyr 300ml
SODIUM VALPROATE ( EPILIM) CR 500MG TABS'S 100'S,Prescription medicine,sodium valproate ( epilim) cr 500mg tabs's 100's
SOFT & GENTLE A/P DEO 150ML ALL TYPES,Cosmetics,soft & gentle a/p deo 150ml all types
SOFT & GENTLE ROLL ON 50ML ALL TYPES,Cosmetics,soft & gentle roll on 50ml all types
SOLPADEINE MAX SOLUBLE PARA/CODEINE/CAFFEINE,Pharmacy medicine,solpadeine max soluble para/codeine/caffeine
SOLPADEINE PARACETAMOL EFF.,Other / uncategorised,solpadeine paracetamol eff.
SOLU-MEDRONE INJ 500MG,Prescription medicine,solu-medrone inj 500mg
SOMAZINA 1000MG ORAL SOLUTION 10',Prescription medicine,somazina 1000mg oral solution 10'
SOS ADVANCE CAPS 60'S (W/S),Pharmacy medicine,sos advance caps 60's (w/s)
SOS ADVANCE LIQUID 250ML,OTC,sos advance liquid 250ml
SPANISH FLY,Other / uncategorised,spanish fly
SPARNIS GARLIC MIXTURE 200ML,Herbal,sparnis garlic mixture 200ml
SPEMAN TABS 100'S,Herbal,speman tabs 100's
SPIDEY & FRIENDS T/BRUSH DUO,Other / uncategorised,spidey & friends t/brush duo
SPIRONOLACTONE 100MG TABS 28'S,OTC,spironolactone 100mg tabs 28's
SPIRONOLACTONE 25MG TAB 28'S,Prescription medicine,spironolactone 25mg tab 28's
SPIRONOLACTONE 50MG TAB 28'S UK,Prescription medicine,spironolactone 50mg tab 28's uk
SPIRONOLACTONE 50MG TAB 28'S VEGA,Prescription medicine,spironolactone 50mg tab 28's vega
SPRING VALLEY EXTRA STRENGTH VIT D3 125MCG 400'S,OTC,spring valley extra strength vit d3 125mcg 400's
SPRING VALLEY EXTRA STRENGTH VIT D3 50MCG 200'S,Other / uncategorised,spring valley extra strength vit d3 50mcg 200's
SPRITE CAN 33CL,Other / uncategorised,sprite can 33cl
ST. IVES FACE SCRUP 150ML,Cosmetics,st. ives face scrup 150ml
STAMLO 10MG TAB 20'S,OTC,stamlo 10mg tab 20's
STAMLO 5,Other / uncategorised,stamlo 5
STARWINS MILK OF MAGNESIA (360ML),OTC,starwins milk of magnesia (360ml)
STARWINS MILK OF MAGNESIA 120ML,Pharmacy medicine,starwins milk of magnesia 120ml
STERILE GAUZE (SPECIAL PACK),OTC,sterile gauze (special pack)
STERIMAR BREATH EASY BABY,Prescription medicine,sterimar breath easy baby
STERIMAR STOP & PROTECT ALLERGY,Other / uncategorised,sterimar stop & protect allergy
STERIMAR STOP & PROTECT COLD/SINUS,OTC,sterimar stop & protect cold/sinus
STOMOCAINE SUSP 250ML,OTC,stomocaine susp 250ml
STOPKOF ADULT SYR 100ML,OTC,stopkof adult syr 100ml
STOPKOF CHILDREN SYR 100MLS,OTC,stopkof children syr 100mls
STOPKOF COLD & CATARRH SYR 100ML,Other / uncategorised,stopkof cold & catarrh syr 100ml
STOPKOF COLD &CARTARR,OTC,stopkof cold &cartarr
STOPKOF DRY COUGH SYR 100ML,Pharmacy medicine,stopkof dry cough syr 100ml
STOPKOF ENFANT CARBOCISTEIN 2% SYR 100ML,OTC,stopkof enfant carbocistein 2% syr 100ml
STOPKOF EXP. CARBOCISTEINE ADULT 5% 100ML,Pharmacy medicine,stopkof exp. carbocisteine adult 5% 100ml
STREPSIL MENTHOL 36'S,Other / uncategorised,strepsil menthol 36's
STREPSIL ORANGE + VIT C LOZ 36',OTC,strepsil orange + vit c loz 36'
STREPSIL SPRAY HONEY & LEMON 20ML,Other / uncategorised,strepsil spray honey & lemon 20ml
STREPSIL STRAWBERRY 12'S,Other / uncategorised,strepsil strawberry 12's
STREPSILS BLACKCURRENT 24',OTC,strepsils blackcurrent 24'
STREPSILS HONEY & LEMON LOZ 12'S,Other / uncategorised,strepsils honey & lemon loz 12's
STREPSILS HONEY & LEMON LOZ 24'S,Other / uncategorised,strepsils honey & lemon loz 24's
STREPSILS HONEY & LEMON LOZENGES 16'S,OTC,strepsils honey & lemon lozenges 16's
STREPSILS HONEY & LEMON LOZENGES 36'S,OTC,strepsils honey & lemon lozenges 36's
STREPSILS ORANGE WITH VIT C 100MG 24'S,OTC,strepsils orange with vit c 100mg 24's
STREPSILS ORANGE WITH VIT C 12S,Other / uncategorised,strepsils orange with vit c 12s
STREPSILS ORANGE WITH VIT C 36'S,OTC,strepsils orange with vit c 36's
STREPSILS ORIG LOZENGES 12',Other / uncategorised,strepsils orig lozenges 12'
STREPSILS ORIG. LOZENGES 24,Pharmacy medicine,strepsils orig. lozenges 24
STREPSILS ORIGINAL LOZ 16'S,OTC,strepsils original loz 16's
STREPSILS SORE THROAT AND LOZENGES 16'S,OTC,strepsils sore throat and lozenges 16's
STREPSILS SORE THROAT LOZENGES 24'S,OTC,strepsils sore throat lozenges 24's
STREPSILS STRAWBERRY 12S,Other / uncategorised,strepsils strawberry 12s
STREPSILS STRAWBERRY MENTHOL 36S,OTC,strepsils strawberry menthol 36s
STREPSILS TRIPLE ACTION EXTRA BLACKCURENT 24,Pharmacy medicine,strepsils triple action extra blackcurent 24
STREPSILS TRIPLE ACTION LOZ 24' HON & LEMON,Other / uncategorised,strepsils triple action loz 24' hon & lemon
STREPTOL LOZENGES 54'S,Pharmacy medicine,streptol lozenges 54's
STUGERON (CINNARIZINE) TABS 15MG 15'S,Prescription medicine,stugeron (cinnarizine) tabs 15mg 15's
STUGERON 25MG 50'S,OTC,stugeron 25mg 50's
SUCRAFIL 0 GEL 100ML,Pharmacy medicine,sucrafil 0 gel 100ml
SUDAFED BLOCKED NOSE SINUS CAPS 16'S,Other / uncategorised,sudafed blocked nose sinus caps 16's
SUDAFED BLOCKED NOSE SPRAY 15ML (XYLOMETHAZOLINE),OTC,sudafed blocked nose spray 15ml (xylomethazoline)
SUDAFED C&H MAX CAPS 16'S,Pharmacy medicine,sudafed c&h max caps 16's
SUDAFED CONGESTION HEADACHE 16'S,Pharmacy medicine,sudafed congestion headache 16's
SUDAFED DAY & NIGHT TAB,Pharmacy medicine,sudafed day & night tab
SUDAFED DECONGESTANT SYRUP 100ML,Pharmacy medicine,sudafed decongestant syrup 100ml
SUDAFED DECONGESTANT TAB 12'S,Other / uncategorised,sudafed decongestant tab 12's
SUDAFED MUCUS TRIPPLE ACTION COLD FLU TAB 16S,OTC,sudafed mucus tripple action cold flu tab 16s
SUDAFED SINU MAX STRENGTH CAPS 16'S,Other / uncategorised,sudafed sinu max strength caps 16's
SUDAFED SINUS EASE SPRAY 15ML (XYLOMETHAZOLINE),OTC,sudafed sinus ease spray 15ml (xylomethazoline)
SUDAFED SINUS EASY 15ML,Other / uncategorised,sudafed sinus easy 15ml
SUDAFED SINUS PRESSURE & PAIN TABS 12'S,Pharmacy medicine,sudafed sinus pressure & pain tabs 12's
SUDAFED SINUS PRESSURE & PAIN TABS 24'S,Other / uncategorised,sudafed sinus pressure & pain tabs 24's
SUDO CREAM 125G,OTC,sudo cream 125g
SUDO CREAM 250G,OTC,sudo cream 250g
SUDO CREAM 30G TUBE,Other / uncategorised,sudo cream 30g tube
SUDO CREAM 400G,OTC,sudo cream 400g
SUDO CREAM 60G,OTC,sudo cream 60g
SULPHUR OINT 40G (DANNEX) NAZO,Pharmacy medicine,sulphur oint 40g (dannex) nazo
SUMATRIPTAN 100MG TAB 6'S (TEVA),Prescription medicine,sumatriptan 100mg tab 6's (teva)
SUMATRIPTAN 50MG TABS RELONCHEM,Pharmacy medicine,sumatriptan 50mg tabs relonchem
SUPIROCIN (MUPIROCIN) OINTMENT 15G GLENMARK,OTC,supirocin (mupirocin) ointment 15g glenmark
SURE BODY SPRAY 200ML ALL TYPES,Cosmetics,sure body spray 200ml all types
SURE DEO SPRAY 250ML,Other / uncategorised,sure deo spray 250ml
SURE DEO SPRAY ALL TYPES 150ML,Cosmetics,sure deo spray all types 150ml
SURE ROLL ON ALL TYPES 50ML,Cosmetics,sure roll on all types 50ml
SURFAZ-SN TRIPLE ACTION CREAM 15G,OTC,surfaz-sn triple action cream 15g
SUSTANON INJ 250MG/ML,Prescription medicine,sustanon inj 250mg/ml
SWEETEX TABS 300'S,OTC,sweetex tabs 300's
SWIFT MENOPAUSE FSH MID STREAM TEST,Other / uncategorised,swift menopause fsh mid stream test
SWIFT MID STREAM PREG TEST,Other / uncategorised,swift mid stream preg test
SWIFT MID STREAM PREG TEST EARLY RESPONSE,Other / uncategorised,swift mid stream preg test early response
SWIFT OVULATION TEST STRIPS,Other / uncategorised,swift ovulation test strips
SYMBICORT (80/4.5UG 60 DOSES,OTC,symbicort (80/4.5ug 60 doses
SYMBICORT 160/4.5MG 120 DOSES,OTC,symbicort 160/4.5mg 120 doses
SYNTREXA 10MG 30'S CIPLA,Other / uncategorised,syntrexa 10mg 30's cipla
SYNUX NASAL SPRAY ORI 0.1%,OTC,synux nasal spray ori 0.1%
SYRINGE AND NEEDLE 1ML,Other / uncategorised,syringe and needle 1ml
SYRINGE AND NEEDLE 5ML,Other / uncategorised,syringe and needle 5ml
SYRINGE WITH NEEDLE DISPOSABLE 2ML,Pharmacy medicine,syringe with needle disposable 2ml
SYSTANE EYE DROPS 10ML,Pharmacy medicine,systane eye drops 10ml
TAABEA HERBAL MIXTURE 500ML,Herbal,taabea herbal mixture 500ml
TACROLIMUS OINTMENT 0.1%,Other / uncategorised,tacrolimus ointment 0.1%
TADALAFIL 10MG TABS 4'S,OTC,tadalafil 10mg tabs 4's
TADALAFIL 20MG TABS TEVA,Other / uncategorised,tadalafil 20mg tabs teva
TADALAFIL TAB 20MG 4'S UK,Other / uncategorised,tadalafil tab 20mg 4's uk
TADALAFIL TAB 5MG 14',Prescription medicine,tadalafil tab 5mg 14'
TADALAFIL TAB 5MG 28'S UK,Other / uncategorised,tadalafil tab 5mg 28's uk
TAGERA FORTE 1G (SECNIDAZOLE),Prescription medicine,tagera forte 1g (secnidazole)
TALGENTIS 10MG (TADALAFIL),Other / uncategorised,talgentis 10mg (tadalafil)
TALGENTIS 20MG (TADALAFIL),Prescription medicine,talgentis 20mg (tadalafil)
TALGENTIS 5MG (TADALAFIL),Prescription medicine,talgentis 5mg (tadalafil)
TAMOXIFEN 10MG TABS 30'S,OTC,tamoxifen 10mg tabs 30's
TAMOXIFEN 20MG TABS 30'S,OTC,tamoxifen 20mg tabs 30's
TAMPAX COMPAK REGULAR 18'S,Other / uncategorised,tampax compak regular 18's
TAMPAX COMPAK SUPER 27'S,Other / uncategorised,tampax compak super 27's
TAMPAX COMPAK SUPER PLUS 20S,Other / uncategorised,tampax compak super plus 20s
TAMPAX PEARL COMPAK SUPER 16'S,OTC,tampax pearl compak super 16's
TAMPAX PEARL COMPAK SUPER PLUS 16'S,OTC,tampax pearl compak super plus 16's
TAMPAX REGULAR 10'S,Other / uncategorised,tampax regular 10's
TAMPAX REGULAR 20'S,OTC,tampax regular 20's
TAMPAX SUPER 10'S,Other / uncategorised,tampax super 10's
TAMPAX SUPER 20'S,OTC,tampax super 20's
TAMPAX SUPER PLUS 20'S,Other / uncategorised,tampax super plus 20's
TAMSULOSIN HYDROCHLORIDE 0.4MG CAPS 30'S UK,Prescription medicine,tamsulosin hydrochloride 0.4mg caps 30's uk
TAMUREX 400(TAMSULOSIN),Other / uncategorised,tamurex 400(tamsulosin)
TCP ANTISEPTIC UK 100ML,OTC,tcp antiseptic uk 100ml
TCP ANTISEPTIC UK 200ML,OTC,tcp antiseptic uk 200ml
TCP ANTISEPTIC UK 50ML,OTC,tcp antiseptic uk 50ml
TEA TREE FACIAL SCRUB 250ML,OTC,tea tree facial scrub 250ml
TEA TREE WIPES 25'S TWIN,Other / uncategorised,tea tree wipes 25's twin
TEARS NATURALLE II EYE DROPS,Pharmacy medicine,tears naturalle ii eye drops
TED STOCKINGS,OTC,ted stockings
TEEDAR SYRUP (PARA 120MG/DIPHEN 12.5MG),OTC,teedar syrup (para 120mg/diphen 12.5mg)
TEETHING MIXTURE 100ML (BELLS),OTC,teething mixture 100ml (bells)
TEETHNG MIXTURE ECL 100ML,Pharmacy medicine,teethng mixture ecl 100ml
TEGRETOL (CARBAMAZIPINE) SYR 100ML/100MG,Prescription medicine,tegretol (carbamazipine) syr 100ml/100mg
TEGRETOL CR (CARBAMAZEPINE) 200MG TAB 30'S,Prescription medicine,tegretol cr (carbamazepine) 200mg tab 30's
TEGRETOL CR (CARBAMAZEPINE) 400MG TAB 30'S,Prescription medicine,tegretol cr (carbamazepine) 400mg tab 30's
TEGRETOL TABS 200MG 50'S,Prescription medicine,tegretol tabs 200mg 50's
TELFAST (FEXOFENADINE) 120MG 30'S,Pharmacy medicine,telfast (fexofenadine) 120mg 30's
TELFAST 180MG TABS 30'S,Pharmacy medicine,telfast 180mg tabs 30's
TENOFOVIR DISOPROXIL FUMARATE 300MG CAPS 30'S VEGA,Pharmacy medicine,tenofovir disoproxil fumarate 300mg caps 30's vega
TENOX 10MG 30'S,Pharmacy medicine,tenox 10mg 30's
TENTEX ROYAL CAPS 30'S,Herbal,tentex royal caps 30's
TERBINAFINE 250MG 28'S,Pharmacy medicine,terbinafine 250mg 28's
TERBINAFINE CREAM 1% 30G,Pharmacy medicine,terbinafine cream 1% 30g
TETANUS ANTITOXIN INJ 1500IU/0.75ML (ATS),Prescription medicine,tetanus antitoxin inj 1500iu/0.75ml (ats)
TETLEY SUPER HERBAL ALL TYPES,"Food, drinks & essentials",tetley super herbal all types
TETMOSOL SOAP,Cosmetics,tetmosol soap
TETRACYCLINE EYE OINT 1% 5G,OTC,tetracycline eye oint 1% 5g
THERABREATH MOUTHWASH 473ML,Other / uncategorised,therabreath mouthwash 473ml
THORNTINA 74 MIXTURE,Pharmacy medicine,thorntina 74 mixture
TIDACT (CLINDAMYCIN) CREAM 20G,Prescription medicine,tidact (clindamycin) cream 20g
TIGER DELAY SPRAY,OTC,tiger delay spray
TIME HERBAL MIXTURE 500ML,OTC,time herbal mixture 500ml
TIMOL 0.5% 10ML EYE DROP,OTC,timol 0.5% 10ml eye drop
TIMOLOL ) 0.5% EYE DROP 5ML,OTC,timolol ) 0.5% eye drop 5ml
TIMOLOL EYE DROP VEGA UK,Prescription medicine,timolol eye drop vega uk
TINATETT TOMAC MIX,OTC,tinatett tomac mix
TINATETT VENECARE MIX,Other / uncategorised,tinatett venecare mix
TINY-VITE MULTIVITAMIN DROPS 50ML,OTC,tiny-vite multivitamin drops 50ml
TIXYLIX CHILDREN SYRUP 100ML,Other / uncategorised,tixylix children syrup 100ml
TIXYLIX INFANT COUGH SYRUP 100ML,OTC,tixylix infant cough syrup 100ml
TOBRADEX DROP 5ML,Other / uncategorised,tobradex drop 5ml
TOBRAMYCIN (TOBRADEX) EYE OINT 5ML,Prescription medicine,tobramycin (tobradex) eye oint 5ml
TOBRAMYCIN (TOBREX) 0.3% EYE DROPS 5ML,OTC,tobramycin (tobrex) 0.3% eye drops 5ml
TOBREX EYE OINT,OTC,tobrex eye oint
TOBRIN EYE DROP 0.3% DROP,Pharmacy medicine,tobrin eye drop 0.3% drop
TOCOVID 200MG SUPRABIO,OTC,tocovid 200mg suprabio
TOLVAPTAN 15MG TAB 4'S,Prescription medicine,tolvaptan 15mg tab 4's
TOMAC MIXTURE 500ML,OTC,tomac mixture 500ml
TOPAMAX (TOPIRAMATE) 25MG TAB 60'S,Prescription medicine,topamax (topiramate) 25mg tab 60's
TOPAMAX (TOPIRAMATE) 50MG TAB 60'S,Prescription medicine,topamax (topiramate) 50mg tab 60's
TOTHEMA AMP 20'S,OTC,tothema amp 20's
TRAJENTA 5MG LINAGLIPTIN TAB 30,Prescription medicine,trajenta 5mg linagliptin tab 30
TRAMADOL (TADOL SR) 100MG CAPS 30'S,Prescription medicine,tramadol (tadol sr) 100mg caps 30's
TRAMADOL (TADOL) 50MG CAPS 20'S,Prescription medicine,tramadol (tadol) 50mg caps 20's
TRAMADOL 50MG CAPS 100'S VEGA,Other / uncategorised,tramadol 50mg caps 100's vega
TRAMADOL AND PARACETAMOL 37.5MG/325MG VEGA 20'S,Other / uncategorised,tramadol and paracetamol 37.5mg/325mg vega 20's
TRAMADOL INJ 100MG/2ML (IM/IV),Prescription medicine,tramadol inj 100mg/2ml (im/iv)
TRAMADOL INJ 50MG/2ML 5'S,OTC,tramadol inj 50mg/2ml 5's
TRAMAPA 37.5MG/325MG TABS,OTC,tramapa 37.5mg/325mg tabs
TRAMAPA FORT 75MG /650MG TABS,Other / uncategorised,tramapa fort 75mg /650mg tabs
TRANEXAMIC ACID ( CELTRANZ) INJ 500MG/5ML,Prescription medicine,tranexamic acid ( celtranz) inj 500mg/5ml
TRANEXAMIC ACID 500MG 30'S,Prescription medicine,tranexamic acid 500mg 30's
TRANEXAMIC ACID 500MG TAB 60'S UK,Other / uncategorised,tranexamic acid 500mg tab 60's uk
TRAVATAN EYE DROP 2.5ML,OTC,travatan eye drop 2.5ml
TRAVOCORT CREAM (ISOCONAZOLE/DIFLUCORTOLONE) 10G,OTC,travocort cream (isoconazole/diflucortolone) 10g
TRAZODONE HYDROCHLORIDE 100MG CAPS 56'S,OTC,trazodone hydrochloride 100mg caps 56's
TRAZODONE HYDROCHLORIDE 50MG CAPS 84'S,OTC,trazodone hydrochloride 50mg caps 84's
TRES-ORIX FORTE SYRUP 100ML,OTC,tres-orix forte syrup 100ml
TRES-ORIX FORTE SYRUP 250ML,OTC,tres-orix forte syrup 250ml
TRETINOIN BAR SOAP 0.05%,Other / uncategorised,tretinoin bar soap 0.05%
TRETINOIN CREAM 0.025% 30G,Other / uncategorised,tretinoin cream 0.025% 30g
TRETINOIN CREAM 0.05% 30G,OTC,tretinoin cream 0.05% 30g
TREXAMOL (TRAMADOL PARACETTAMOL) EXETER 37.5MG/325MG,Prescription medicine,trexamol (tramadol paracettamol) exeter 37.5mg/325mg
TRIDENT GUM 14'S,"Food, drinks & essentials",trident gum 14's
TRIDENT WHITE GUM 60'S,"Food, drinks & essentials",trident white gum 60's
TRIFLUCAN (FLUCONAZOLE SYR),OTC,triflucan (fluconazole syr)
TRIPLIXAM 10/2.5/10MG,OTC,triplixam 10/2.5/10mg
TRIPLIXAM 10/2.5/5MG,Prescription medicine,triplixam 10/2.5/5mg
TRIPLIXAM 5/1.25/5MG,Prescription medicine,triplixam 5/1.25/5mg
TRIPLIXAM 5MG/1.25MG/10MG,Pharmacy medicine,triplixam 5mg/1.25mg/10mg
TRIPPLE ACTION CREAM VEGA 30G,OTC,tripple action cream vega 30g
TRITACE 10MG TAB,Prescription medicine,tritace 10mg tab
TRITACE 2.5MG (RAMIPRIL 2.5MG) TAB,Prescription medicine,tritace 2.5mg (ramipril 2.5mg) tab
TRITACE 5MG (RAMIPRIL 5MG),Prescription medicine,tritace 5mg (ramipril 5mg)
TROJAN CONDOM 12'S,Other / uncategorised,trojan condom 12's
TROJAN CONDOM 3',OTC,trojan condom 3'
TROPICAL SUN APPLE CIDER VINEGAR 946ML,Other / uncategorised,tropical sun apple cider vinegar 946ml
TWINING TEA STRAW & RASP,"Food, drinks & essentials",twining tea straw & rasp
TWIX BAR CHOC BISCUIT 50GM,"Food, drinks & essentials",twix bar choc biscuit 50gm
TWYNSTA TAB 40/5MG 28S (TELMISARTAN/AMLODIPINE),Prescription medicine,twynsta tab 40/5mg 28s (telmisartan/amlodipine)
TWYNSTA TAB 80/5MG (TELMISARTAN/AMLODIPINE),Prescription medicine,twynsta tab 80/5mg (telmisartan/amlodipine)
TYLENOL 120ML SYRUP,OTC,tylenol 120ml syrup
TYLENOL 50*2 PM CAPLET,OTC,tylenol 50*2 pm caplet
TYLENOL 500MG ES 10S,OTC,tylenol 500mg es 10s
TYLENOL EXTRA STRENGHT 24'S,OTC,tylenol extra strenght 24's
TYLENOL EXTRA STRENGTH 290'S,OTC,tylenol extra strength 290's
TYLENOL EXTRA STRENGTH 6'S,OTC,tylenol extra strength 6's
TYLENOL EXTRA STRENGTH POUCH 50S,Pharmacy medicine,tylenol extra strength pouch 50s
TYLENOL EXTRA STRENGTH TAB 325'S,OTC,tylenol extra strength tab 325's
TYLENOL PM 24'S,OTC,tylenol pm 24's
TYLENOL PM EXTRA STRENGTH 4',OTC,tylenol pm extra strength 4'
TYNOR WRIST / FOREARM SPLINT,Pharmacy medicine,tynor wrist / forearm splint
ULTRA 3 IN 1 OMEGA 3 COD LIVER OIL CAPS 60'S,"Food, drinks & essentials",ultra 3 in 1 omega 3 cod liver oil caps 60's
ULTRA CALCIUM & VIT D TABS,Pharmacy medicine,ultra calcium & vit d tabs
ULTRA COD LIVER OIL + OMEGA 3,OTC,ultra cod liver oil + omega 3
ULTRA COQ10 TAB 50MG 60'S,Other / uncategorised,ultra coq10 tab 50mg 60's
ULTRA DISH WASH SOAP 651ML,Cosmetics,ultra dish wash soap 651ml
ULTRA FOLIC ACID & B12 60'S,Other / uncategorised,ultra folic acid & b12 60's
ULTRA FOLIC ACID 400MCG 60',OTC,ultra folic acid 400mcg 60'
ULTRA GARLIC TABS 400MG 60'S,Pharmacy medicine,ultra garlic tabs 400mg 60's
ULTRA GINKGO BILOBA & GINSENG 60S,OTC,ultra ginkgo biloba & ginseng 60s
ULTRA IRON TABS SUSTAINED RELEASE 30',OTC,ultra iron tabs sustained release 30'
ULTRA LYCOPENE,Other / uncategorised,ultra lycopene
ULTRA MAGNESIUM TAB,OTC,ultra magnesium tab
ULTRA OMEGA 3 6 9,Pharmacy medicine,ultra omega 3 6 9
ULTRA OMEGA 3 SUPER STRENGTH,Pharmacy medicine,ultra omega 3 super strength
ULTRA SELENIUM TABS 30'S,Pharmacy medicine,ultra selenium tabs 30's
ULTRA TURMERIC VIT D 30',OTC,ultra turmeric vit d 30'
ULTRA VIT D3 400IU,Pharmacy medicine,ultra vit d3 400iu
ULTRA VITAMIN C & ZINC FIZZ,Prescription medicine,ultra vitamin c & zinc fizz
ULTRA VITAMIN C SR,Pharmacy medicine,ultra vitamin c sr
ULTRA VITAMIN D 1000IU 96'S,OTC,ultra vitamin d 1000iu 96's
ULTRA VITAMIN D 2000IU TAB,Pharmacy medicine,ultra vitamin d 2000iu tab
UNIDUS CONDOMS 3'S,OTC,unidus condoms 3's
UPERIO TAB 50MG 28'S,Pharmacy medicine,uperio tab 50mg 28's
UPERIO TABS 100MG 28'S,Prescription medicine,uperio tabs 100mg 28's
UPERIO TABS 200MG 28'S,Pharmacy medicine,uperio tabs 200mg 28's
VAGISIL CREAM 30GM,Other / uncategorised,vagisil cream 30gm
VAGISIL PH BALANCE WASH,Other / uncategorised,vagisil ph balance wash
VAGISIL ULTRA FRESH INT. WASH,Pharmacy medicine,vagisil ultra fresh int. wash
VALUPAK CO-Q10 30MG,OTC,valupak co-q10 30mg
VALUPAK COD LIVER OIL 1000MG CAPS 30'S,OTC,valupak cod liver oil 1000mg caps 30's
VALUPAK COD LIVER OIL 400MG CAPS 30'S,Pharmacy medicine,valupak cod liver oil 400mg caps 30's
VALUPAK COD LIVER OIL 550MG CAPS 30'S,OTC,valupak cod liver oil 550mg caps 30's
VALUPAK CRANBERRY 200MG TABS,OTC,valupak cranberry 200mg tabs
VALUPAK EVENING PRIMROSE 1000MG 30'S,Prescription medicine,valupak evening primrose 1000mg 30's
VALUPAK EVENING PRIMROSE 500MG CAPS 30'S,Prescription medicine,valupak evening primrose 500mg caps 30's
VALUPAK FOLIC ACID 30S,Other / uncategorised,valupak folic acid 30s
VALUPAK FOLIC ACID 400 UG 90'S,OTC,valupak folic acid 400 ug 90's
VALUPAK GARLIC 3MG 30'S,Other / uncategorised,valupak garlic 3mg 30's
VALUPAK GLUCOSAMINE & CHOND 400/100MG 90'S,Other / uncategorised,valupak glucosamine & chond 400/100mg 90's
VALUPAK GLUCOSAMINE & CHOND 400MG 30'S,Pharmacy medicine,valupak glucosamine & chond 400mg 30's
"VALUPAK HAIR, SKIN& NAILS TABS 30'S",Pharmacy medicine,"valupak hair, skin& nails tabs 30's"
VALUPAK MULTI VIT & MINTABS 25'S,OTC,valupak multi vit & mintabs 25's
VALUPAK MULTIVITAMINS ONE A DAY 50',OTC,valupak multivitamins one a day 50'
VALUPAK OMEGA 3 FISH OIL 30',OTC,valupak omega 3 fish oil 30'
VALUPAK OMEGA 3 FISH OIL 90',OTC,valupak omega 3 fish oil 90'
VALUPAK VIT B COMPLEX TABS 60'S,Pharmacy medicine,valupak vit b complex tabs 60's
VALUPAK VIT B6 TAB 60'S,OTC,valupak vit b6 tab 60's
VALUPAK VIT C 1000MG EFFERVESCENT,OTC,valupak vit c 1000mg effervescent
VALUPAK VIT D3 1000IU TAB 60'S,OTC,valupak vit d3 1000iu tab 60's
VALUPAK VIT D3 500IU TAB,Other / uncategorised,valupak vit d3 500iu tab
VALUPAK VITAMIN C & ZINC EFF 1G,"Food, drinks & essentials",valupak vitamin c & zinc eff 1g
VALUPAK VITAMIN C CHEWABLE 80MG TAB 60'S,Pharmacy medicine,valupak vitamin c chewable 80mg tab 60's
VALUPAK VITAMIN E 400 IU,Pharmacy medicine,valupak vitamin e 400 iu
VALUPAK ZINC TABS 10MG 60'S,Pharmacy medicine,valupak zinc tabs 10mg 60's
VANISH STAIN REMOVER LIQUID 1LTR,Other / uncategorised,vanish stain remover liquid 1ltr
VASELINE ACTIVE DRY DEO SPR 250ML,Cosmetics,vaseline active dry deo spr 250ml
VASELINE ALOE LOTION 400ML,Cosmetics,vaseline aloe lotion 400ml
VASELINE BODY LOTION 600ML ALL TYPES,Other / uncategorised,vaseline body lotion 600ml all types
VASELINE COCOA BUTTER LOTION 400ML,Cosmetics,vaseline cocoa butter lotion 400ml
VASELINE COCOA RADIANT B/LTN 400ML,Cosmetics,vaseline cocoa radiant b/ltn 400ml
VASELINE DOUBLE INVIS. DRY DEO SPR. 250ML,Cosmetics,vaseline double invis. dry deo spr. 250ml
VASELINE GAUZE (BLUEAID) 10X10CM,OTC,vaseline gauze (blueaid) 10x10cm
VASELINE LIP CARE 20G ALL TYPES,OTC,vaseline lip care 20g all types
VASELINE LIP STICK ORIG 4.8G,Other / uncategorised,vaseline lip stick orig 4.8g
VASELINE LIPSTICK BALM ALOE,Other / uncategorised,vaseline lipstick balm aloe
VASELINE LOTION 200ML ALL TYPES,OTC,vaseline lotion 200ml all types
VASELINE LOTION ADVANCE REPAIR 400ML,Other / uncategorised,vaseline lotion advance repair 400ml
VASELINE MEN COOLING 400ML,Cosmetics,vaseline men cooling 400ml
VASELINE MOIST CREAM RESTORE 75ML,Cosmetics,vaseline moist cream restore 75ml
VASELINE MOIST SKIN REJUV. LOTION 400ML,Cosmetics,vaseline moist skin rejuv. lotion 400ml
VASELINE OIL 200ML,Cosmetics,vaseline oil 200ml
VASELINE PET JELLY 250ML,Other / uncategorised,vaseline pet jelly 250ml
VASELINE PET JELLY UK 50ML,Cosmetics,vaseline pet jelly uk 50ml
VASELINE PETROLEUM JELLY 100ML,OTC,vaseline petroleum jelly 100ml
VASILINE LIP STICK 4.8GM ALL TYPES,Other / uncategorised,vasiline lip stick 4.8gm all types
VASTAREL 80MG TAB 30',OTC,vastarel 80mg tab 30'
VASTAREL MR TRIMETAZIDINE TABS 35MG 60'S,OTC,vastarel mr trimetazidine tabs 35mg 60's
VECIDEX CIPROFLOXACIN + DEXAMETHASONE EYE/EAR 5ML VEGA,Other / uncategorised,vecidex ciprofloxacin + dexamethasone eye/ear 5ml vega
VEET EXPERT HAIR REMOVAL CREAM 200ML,Other / uncategorised,veet expert hair removal cream 200ml
VEET PURE CREAM DRY SKIN 200ML,Other / uncategorised,veet pure cream dry skin 200ml
VEET PURE CREAM DRY SKIN SENSITIVE 100ML,Other / uncategorised,veet pure cream dry skin sensitive 100ml
VEET PURE CREAM NORMAL 100ML,Cosmetics,veet pure cream normal 100ml
VEGA EVENING PRIMROSE OIL CAPS 30'S 500MG,OTC,vega evening primrose oil caps 30's 500mg
VEGACID ANTACID SUS 200ML VEGA,Other / uncategorised,vegacid antacid sus 200ml vega
VEGACID O ANTACID SUS 200ML VEGA,Other / uncategorised,vegacid o antacid sus 200ml vega
VEGATEM ARTEMETHER LUMEFANTRINE SUSP 20/120MG 60MLS,Prescription medicine,vegatem artemether lumefantrine susp 20/120mg 60mls
VEGATEM ARTHEMETHER LUMEFANTRICE TAB 80/480MG,OTC,vegatem arthemether lumefantrice tab 80/480mg
VENTOLIN (SALBUTAMOL) 2MG/5ML SYR 150ML GSK,OTC,ventolin (salbutamol) 2mg/5ml syr 150ml gsk
VENTOLIN INHALER 100MCG 200 DOSES,Pharmacy medicine,ventolin inhaler 100mcg 200 doses
VENTOLIN NEBULISER SOLUTION 2.5MG/2.5ML,Other / uncategorised,ventolin nebuliser solution 2.5mg/2.5ml
VERAPAMIL 80MG TAB 84'S,Prescription medicine,verapamil 80mg tab 84's
VERMOX (MEBENDAZOLE) 20MG SUSP 30ML,OTC,vermox (mebendazole) 20mg susp 30ml
VERMOX TABS 500MG 1'S JANSSEN,OTC,vermox tabs 500mg 1's janssen
VESICARE TABS 10MG 30'S,Other / uncategorised,vesicare tabs 10mg 30's
VESICARE TABS 5MG,Other / uncategorised,vesicare tabs 5mg
VIAGRA 100MG 4'S,OTC,viagra 100mg 4's
VIAGRA SILDENAFIL 50MG TAB 4'S,OTC,viagra sildenafil 50mg tab 4's
VICK INHALER NASAL 0.5ML,Other / uncategorised,vick inhaler nasal 0.5ml
VICKS BABYRUB 50G,OTC,vicks babyrub 50g
VICKS VAP RUB 50G,Pharmacy medicine,vicks vap rub 50g
VICKS VAPO DROPS 72G,Other / uncategorised,vicks vapo drops 72g
VICKS VAPO SHOWER 5'S,Other / uncategorised,vicks vapo shower 5's
VICKS VAPOBATH 425G,Other / uncategorised,vicks vapobath 425g
VIGAMOX (MOXIFLOXACIN) 5MG/ML EYE DROPS,Pharmacy medicine,vigamox (moxifloxacin) 5mg/ml eye drops
VIGOMAX FORT TAB 20'S,Pharmacy medicine,vigomax fort tab 20's
VIOPLEX - T SPRAY,Other / uncategorised,vioplex - t spray
VIRASORB ACICLOVIR CREAM 2G,OTC,virasorb aciclovir cream 2g
VIREST ACICLOVIR CREAM 5% (5G),Pharmacy medicine,virest aciclovir cream 5% (5g)
VIROL BLOOD TONIC 200ML,OTC,virol blood tonic 200ml
VISCOF PLAIN SYR 100ML,OTC,viscof plain syr 100ml
VISCOF-D SYR 100ML,OTC,viscof-d syr 100ml
VISCOF-S SYR 100ML,OTC,viscof-s syr 100ml
VISINE RED EYE DROP COMFORT 15ML,Pharmacy medicine,visine red eye drop comfort 15ml
VISIONACE CAPS 30'S,Prescription medicine,visionace caps 30's
VISIONACE MAX CAPS,Pharmacy medicine,visionace max caps
VISIONACE PLUS OMEGA 3 TABS 56'S,OTC,visionace plus omega 3 tabs 56's
VIT B COMPLEX SYRUP 125ML ECL,OTC,vit b complex syrup 125ml ecl
VIT B-COMPLEX STRONG KRKA,Prescription medicine,vit b-complex strong krka
VIT C 500MG CHEWABLES 50'S,Pharmacy medicine,vit c 500mg chewables 50's
VITAFOL MULTIVITAMIN TABS 30'S,OTC,vitafol multivitamin tabs 30's
VITAMILK BOTTLE,Other / uncategorised,vitamilk bottle
VITAMIN A & D CREAM 42.5G,OTC,vitamin a & d cream 42.5g
VITAMIN B CO STRONG UK,OTC,vitamin b co strong uk
VITAMIN B CO TAB BLISTER,OTC,vitamin b co tab blister
VITAMIN B DENK TABS 100'S,Other / uncategorised,vitamin b denk tabs 100's
VITAMIN B-CO INJ 10ML,Prescription medicine,vitamin b-co inj 10ml
VITAMIN STORE C & ZINC EFF 20'S,Other / uncategorised,vitamin store c & zinc eff 20's
VITAMIN STORE COD LIVER OIL 30'S,Other / uncategorised,vitamin store cod liver oil 30's
VITAMIN STORE MAGNESIUM & VIT B6 30'S,OTC,vitamin store magnesium & vit b6 30's
VITAMIN STORE OMEGA 3 1000MG,Pharmacy medicine,vitamin store omega 3 1000mg
VITAMINSTORE B12 10UG,Other / uncategorised,vitaminstore b12 10ug
VITAMINSTORE CALCIUM & VIT D 400MG 30'S,OTC,vitaminstore calcium & vit d 400mg 30's
VITAMINSTORE GARLIC 30'S,Other / uncategorised,vitaminstore garlic 30's
VITAMINSTORE VIT D3 60'S,Other / uncategorised,vitaminstore vit d3 60's
VITAMINSTORE VIT E 400IU 30'S,Other / uncategorised,vitaminstore vit e 400iu 30's
VITANE MULTIVITAMIN SYR 200ML,OTC,vitane multivitamin syr 200ml
VITANE ORAL DROPS 30ML,OTC,vitane oral drops 30ml
VIVACHECK FAD BLOOD GLUCOSE TEST STRIPS 50'S,Other / uncategorised,vivacheck fad blood glucose test strips 50's
VIVACHEK ECO MONITORING SYSTEM,OTC,vivachek eco monitoring system
VIVACHEK ECO TEST STRIPS 25'S,OTC,vivachek eco test strips 25's
VIVACHEK ECO TEST STRIPS 50'S,OTC,vivachek eco test strips 50's
VIVACHEK FAD GLUCOSE MONITOR,OTC,vivachek fad glucose monitor
VIVACHEK SINGLE USE LANCETS 100'S,OTC,vivachek single use lancets 100's
VIVADONA TAB 20'S,OTC,vivadona tab 20's
VIVAGUARD BLOOD PRESSURE MONITOR 35A,Other / uncategorised,vivaguard blood pressure monitor 35a
VIVAGUARD BLOOD PRESSURE MONITOR 35X,Other / uncategorised,vivaguard blood pressure monitor 35x
VOLTAREN 1% EMULGEL 20G,OTC,voltaren 1% emulgel 20g
VOLTAREN EMUGEL 1% GEL 50G,OTC,voltaren emugel 1% gel 50g
VOLTAREN FAST SOLUBLE 21S,Other / uncategorised,voltaren fast soluble 21s
VOLTAREN RTD TABS 100MG 100'S,Pharmacy medicine,voltaren rtd tabs 100mg 100's
VOLTAROL 1.16% BACK & MUSCLE PAIN 30G,Other / uncategorised,voltarol 1.16% back & muscle pain 30g
VOLTAROL JOINT PAIN RELIEF 2.32% 50G,OTC,voltarol joint pain relief 2.32% 50g
VOLTAROL JOINT PAIN RELIEF GEL 100G,Other / uncategorised,voltarol joint pain relief gel 100g
VOLTFAST 50MG 30'S,Pharmacy medicine,voltfast 50mg 30's
VOLUMATIC SPACER PAED,OTC,volumatic spacer paed
WARFARIN 0.5MG TAB 28'S,OTC,warfarin 0.5mg tab 28's
WARFARIN 5MG UK,Pharmacy medicine,warfarin 5mg uk
WARFARIN TAB 1MG UK 28',Prescription medicine,warfarin tab 1mg uk 28'
WARFARIN TAB 3MG 28'S,Other / uncategorised,warfarin tab 3mg 28's
WARTICON CREAM (PODOPHYLLOTOXIN) 0.5%,Prescription medicine,warticon cream (podophyllotoxin) 0.5%
WARTICON SOLUTION (PODOPHYLLOTOXIN) 0.5%,Prescription medicine,warticon solution (podophyllotoxin) 0.5%
WATER FLOSSER,"Food, drinks & essentials",water flosser
WATER FOR INJ 50'S,Pharmacy medicine,water for inj 50's
WELCH FRUIT SNACK 90'S,Other / uncategorised,welch fruit snack 90's
WELCH GLASS JUICE ALL TYPES 473ML,"Food, drinks & essentials",welch glass juice all types 473ml
WELCH PUNCH PLASTIC 295MLS,Other / uncategorised,welch punch plastic 295mls
WELCH'S FRUIT SNACK SATCHET 2.25 OZ BIG,"Food, drinks & essentials",welch's fruit snack satchet 2.25 oz big
WELL TEEN HER 30'S,OTC,well teen her 30's
WELL TEEN HIM,Other / uncategorised,well teen him
WELLBABY MULTIVITAMIN DROP 30ML,Other / uncategorised,wellbaby multivitamin drop 30ml
WELLBABY MULTIVITAMIN SYRUP,Other / uncategorised,wellbaby multivitamin syrup
WELLBABY VIT D DROPS 30ML,Prescription medicine,wellbaby vit d drops 30ml
WELLKID CALCIUM SYR,OTC,wellkid calcium syr
WELLKID MULTIVITAMIN SYRUP,OTC,wellkid multivitamin syrup
WELLKID SOFT JELLY PASTILLES 30'S,OTC,wellkid soft jelly pastilles 30's
WELLMAN 50+ MULTIVITAMIN TABS 30'S,Prescription medicine,wellman 50+ multivitamin tabs 30's
WELLMAN 70+ MULTIVITAMIN TABS 30'S,OTC,wellman 70+ multivitamin tabs 30's
WELLMAN CONCEPTION,OTC,wellman conception
WELLMAN DRINK 250ML,"Food, drinks & essentials",wellman drink 250ml
WELLMAN MAX CAPS 84'S,Other / uncategorised,wellman max caps 84's
WELLMAN ORIGINAL CAPS 30'S,OTC,wellman original caps 30's
WELLMAN PLUS CAPS 56'S,Other / uncategorised,wellman plus caps 56's
WELLMAN PROSTACE TABS 60'S,Other / uncategorised,wellman prostace tabs 60's
WELLMAN SPORT TABS,Pharmacy medicine,wellman sport tabs
WELLWOMAN 50+ CAPS,Prescription medicine,wellwoman 50+ caps
WELLWOMAN 70+ PLUS CAPS 30'S,Prescription medicine,wellwoman 70+ plus caps 30's
WELLWOMAN MAX TABS 84'S,OTC,wellwoman max tabs 84's
WELLWOMAN MULTI GUMMIES,Other / uncategorised,wellwoman multi gummies
WELLWOMAN ORIGINAL MULTIVITAMIN CAPS 30'S,OTC,wellwoman original multivitamin caps 30's
WELLWOMAN PLUS OMEGA 3 56'S,Other / uncategorised,wellwoman plus omega 3 56's
WELLWOMAN SPORT TABS,Pharmacy medicine,wellwoman sport tabs
WELTEK NEURO 30S,Other / uncategorised,weltek neuro 30s
WESTLAB EPSOM SALT 1G,Pharmacy medicine,westlab epsom salt 1g
WHITFIELD'S OINTMENT 40G (DANNEX),OTC,whitfield's ointment 40g (dannex)
WISDOM JNR TOOTH BRUSH (3-5YRS),OTC,wisdom jnr tooth brush (3-5yrs)
WISDOM STEP BY STEP TOOTH PASTE 75ML,Other / uncategorised,wisdom step by step tooth paste 75ml
WISDOM STEP BY STEP TOOTHBRUSH 0-2,Other / uncategorised,wisdom step by step toothbrush 0-2
WISDOM STEP BY STEP TOOTHBRUSH 6+,Other / uncategorised,wisdom step by step toothbrush 6+
WISDOM TOOTH BRUSH,Other / uncategorised,wisdom tooth brush
WISDOM TOOTHBRUSH TWIN KIDS,Other / uncategorised,wisdom toothbrush twin kids
WOODWARD'S GRIPE WATER 150ML,OTC,woodward's gripe water 150ml
WORMPLEX (ALBENDAZOLE) 400 TAB,OTC,wormplex (albendazole) 400 tab
WORMPLEX SUSP 400 (ALBENDAZOLE) 20ML,OTC,wormplex susp 400 (albendazole) 20ml
XALACOM EYE DROP,Prescription medicine,xalacom eye drop
XALATAN (LATANOPROST ) 0.005% EYE DROP 2.5ML,Pharmacy medicine,xalatan (latanoprost ) 0.005% eye drop 2.5ml
XARELTO 10MG TAB (RIVAROXABAN 10MG),Prescription medicine,xarelto 10mg tab (rivaroxaban 10mg)
XARELTO 15MG TAB (RIVAROXABAN 15MG) 14s,Prescription medicine,xarelto 15mg tab (rivaroxaban 15mg) 14s
XARELTO 2.5MG TAB 28',OTC,xarelto 2.5mg tab 28'
XARELTO 20MG TAB (RIVAROXABAN 20MG) 14'S,Prescription medicine,xarelto 20mg tab (rivaroxaban 20mg) 14's
XATRAL TAB 10MG 30'S (ALFUZOSINE),Pharmacy medicine,xatral tab 10mg 30's (alfuzosine)
XBC FACE WIPES TWIN PK ALL TYPES,OTC,xbc face wipes twin pk all types
XIGDUO XR 10/1000MG (DAPAGLIFLOXIN/METFORMIN),Prescription medicine,xigduo xr 10/1000mg (dapaglifloxin/metformin)
XIN-A(CIPROFLOXACIN) SUSP 250MG/5ML 60ML,Prescription medicine,xin-a(ciprofloxacin) susp 250mg/5ml 60ml
XOC HEMP T/PASTE & T/BRUSH 100ML,Pharmacy medicine,xoc hemp t/paste & t/brush 100ml
XOC M/WASH 500ML ALL TYPES,OTC,xoc m/wash 500ml all types
XYLO-ACINO ADULT 0.1% NASAL SPRAY 10ML,OTC,xylo-acino adult 0.1% nasal spray 10ml
XYLO-ACINO CHILD 0.005% NASAL SPRAY 10ML,OTC,xylo-acino child 0.005% nasal spray 10ml
YASMIN 3MG\30MCG 21'S TAB,OTC,yasmin 3mg\30mcg 21's tab
YAZZ SANITARY PAD,OTC,yazz sanitary pad
YOUTHEORY ASHWAGANDHA 100',Other / uncategorised,youtheory ashwagandha 100'
YOUTHEORY COLLAGEN POWDER 283.5G,Prescription medicine,youtheory collagen powder 283.5g
YOUTHEORY MEN'S COLLAGEN 5000MG 180'S,Other / uncategorised,youtheory men's collagen 5000mg 180's
YOUTHEORY MEN'S COLLAGEN 5000MG 390'S,Other / uncategorised,youtheory men's collagen 5000mg 390's
YOUTHEORY MEN'S COLLAGEN 5000MG 90'S,Other / uncategorised,youtheory men's collagen 5000mg 90's
ZALAIN OVULE (PESS) SERTACONAZOLE 300MG,Prescription medicine,zalain ovule (pess) sertaconazole 300mg
ZANZA OMEGA 3 FISH OIL 30'S,Prescription medicine,zanza omega 3 fish oil 30's
ZANZA VIT E 200IU,OTC,zanza vit e 200iu
ZANZA VIT E 400IU,OTC,zanza vit e 400iu
ZEMAN CAPS 30'S,OTC,zeman caps 30's
ZESTRIL TABS 10MG 28'S,Pharmacy medicine,zestril tabs 10mg 28's
ZESTRIL TABS 20MG 28'S,Pharmacy medicine,zestril tabs 20mg 28's
ZESTRIL TABS 5MG 28'S,Pharmacy medicine,zestril tabs 5mg 28's
ZINACEF INJ 750MG GSK,Prescription medicine,zinacef inj 750mg gsk
ZINC OXIDE OINTMENT 40G,Pharmacy medicine,zinc oxide ointment 40g
ZINC OXIDE PLASTER 1INCH,OTC,zinc oxide plaster 1inch
ZINC OXIDE PLASTER 2INCH 5CM X 5M,OTC,zinc oxide plaster 2inch 5cm x 5m
ZINC OXIDE PLASTER 3INCH 7.5CM X 5M,OTC,zinc oxide plaster 3inch 7.5cm x 5m
ZINC OXIDE PLASTER 4INCH 10CM X 5M,OTC,zinc oxide plaster 4inch 10cm x 5m
ZINCOFER CAP 30'S,OTC,zincofer cap 30's
ZINCOFER SYRUP 200ML,OTC,zincofer syrup 200ml
ZINCOVIT DROPS 15ML,OTC,zincovit drops 15ml
ZINCOVIT SYR 200ML,OTC,zincovit syr 200ml
ZINCOVIT TABS,OTC,zincovit tabs
ZINNAT SUSPENSION 125MG 100ML,Prescription medicine,zinnat suspension 125mg 100ml
ZINNAT SUSPENSION 125MG 50ML,Prescription medicine,zinnat suspension 125mg 50ml
ZINNAT TABS 250MG 10'S,OTC,zinnat tabs 250mg 10's
ZINNAT TABS 500MG 10'S,Prescription medicine,zinnat tabs 500mg 10's
ZINTAB (DISPERSIBLE) 10MG 100',Pharmacy medicine,zintab (dispersible) 10mg 100'
ZIRTEK ALLERGY 10MG 30'S,Other / uncategorised,zirtek allergy 10mg 30's
ZIRTEK ALLERGY 10MG TABS 21'S,Pharmacy medicine,zirtek allergy 10mg tabs 21's
ZIRTEK ALLERGY RELIEF TABS 10MG 7'S,Pharmacy medicine,zirtek allergy relief tabs 10mg 7's
ZIRTEK SYRUP (CETRIZINE 200MLS),OTC,zirtek syrup (cetrizine 200mls)
ZITHROMAX (AZITHROMYCIN) CAPS 6'S,Prescription medicine,zithromax (azithromycin) caps 6's
ZITHROMAX ORAL SUSPENSION 15ML,Prescription medicine,zithromax oral suspension 15ml
ZOFLORA WIPES ALL TYPES 70',Other / uncategorised,zoflora wipes all types 70'
ZUBES CHILDREN COUGH SYRUP 60ML,Pharmacy medicine,zubes children cough syrup 60ml
ZUBES EXPECTORANT 125ML,Pharmacy medicine,zubes expectorant 125ml
ZUBES EXTRA STRONG SYRUP 125ML,Pharmacy medicine,zubes extra strong syrup 125ml
ZUBES LOZENGES 100,Pharmacy medicine,zubes lozenges 100
ZUBES LOZENGES 25*4 S/S,Other / uncategorised,zubes lozenges 25*4 s/s
ZUBES LOZENGES BIG SIZE 50*4,OTC,zubes lozenges big size 50*4
ZULU EXTRA TABS,OTC,zulu extra tabs
ZULU PLUS CAPS 10',Other / uncategorised,zulu plus caps 10'
ZULU-100,OTC,zulu-100
ZULU-MR,Other / uncategorised,zulu-mr
ZURION MULTIVITAMIN TAB 100',OTC,zurion multivitamin tab 100'
ZURION STABS 30 S,Other / uncategorised,zurion stabs 30 s
ZYCARD (CANDESARTAN) 8MG TAB 30'S,Other / uncategorised,zycard (candesartan) 8mg tab 30's
ZYCARD PLUS TAB (CANDESARTAN),Other / uncategorised,zycard plus tab (candesartan)
ZYFEN (FEXOFENADINE TAB 120MG),Pharmacy medicine,zyfen (fexofenadine tab 120mg)
ZYFEN FEXOFENADINE 180MG TAB 10'S,OTC,zyfen fexofenadine 180mg tab 10's
ZYFEN SUSPENSION 30MG/5ML 150ML,Other / uncategorised,zyfen suspension 30mg/5ml 150ml
ZYMAX SUSP 200MG/5ML,Prescription medicine,zymax susp 200mg/5ml
ZYMAX TAB 250MG (AZITHROMYCIN ),Prescription medicine,zymax tab 250mg (azithromycin )
ZYMAX TAB 500MG (AZITHROMYCIN ),Prescription medicine,zymax tab 500mg (azithromycin )
ZYRTEC 10MG POUNHES 50',Other / uncategorised,zyrtec 10mg pounhes 50'
ZZOWIN TAB 30,Other / uncategorised,zzowin tab 30
ZZZQUIL SLEEPING AID SYR,OTC,zzzquil sleeping aid syr
